CREATE DATABASE  IF NOT EXISTS `crowdindex` /*!40100 DEFAULT CHARACTER SET utf8 */;
USE `crowdindex`;
-- MySQL dump 10.13  Distrib 5.6.13, for Win32 (x86)
--
-- Host: localhost    Database: crowdindex
-- ------------------------------------------------------
-- Server version	5.6.16-log

/*!40101 SET @OLD_CHARACTER_SET_CLIENT=@@CHARACTER_SET_CLIENT */;
/*!40101 SET @OLD_CHARACTER_SET_RESULTS=@@CHARACTER_SET_RESULTS */;
/*!40101 SET @OLD_COLLATION_CONNECTION=@@COLLATION_CONNECTION */;
/*!40101 SET NAMES utf8 */;
/*!40103 SET @OLD_TIME_ZONE=@@TIME_ZONE */;
/*!40103 SET TIME_ZONE='+00:00' */;
/*!40014 SET @OLD_UNIQUE_CHECKS=@@UNIQUE_CHECKS, UNIQUE_CHECKS=0 */;
/*!40014 SET @OLD_FOREIGN_KEY_CHECKS=@@FOREIGN_KEY_CHECKS, FOREIGN_KEY_CHECKS=0 */;
/*!40101 SET @OLD_SQL_MODE=@@SQL_MODE, SQL_MODE='NO_AUTO_VALUE_ON_ZERO' */;
/*!40111 SET @OLD_SQL_NOTES=@@SQL_NOTES, SQL_NOTES=0 */;

--
-- Table structure for table `backtrack`
--

DROP TABLE IF EXISTS `backtrack`;
/*!40101 SET @saved_cs_client     = @@character_set_client */;
/*!40101 SET character_set_client = utf8 */;
CREATE TABLE `backtrack` (
  `id` int(11) NOT NULL,
  `query` int(11) DEFAULT NULL,
  `nodepath` varchar(200) DEFAULT NULL,
  `level` int(11) DEFAULT NULL,
  `g` double DEFAULT NULL,
  `h` double DEFAULT NULL,
  `startingIndex` int(11) DEFAULT NULL,
  PRIMARY KEY (`id`)
) ENGINE=InnoDB DEFAULT CHARSET=utf8;
/*!40101 SET character_set_client = @saved_cs_client */;

--
-- Dumping data for table `backtrack`
--

LOCK TABLES `backtrack` WRITE;
/*!40000 ALTER TABLE `backtrack` DISABLE KEYS */;
/*!40000 ALTER TABLE `backtrack` ENABLE KEYS */;
UNLOCK TABLES;

--
-- Table structure for table `config`
--

DROP TABLE IF EXISTS `config`;
/*!40101 SET @saved_cs_client     = @@character_set_client */;
/*!40101 SET character_set_client = utf8 */;
CREATE TABLE `config` (
  `id` int(11) NOT NULL,
  `reset` int(11) DEFAULT NULL COMMENT '0 false\\n1 true',
  `genTstTasks` int(11) DEFAULT NULL,
  PRIMARY KEY (`id`)
) ENGINE=InnoDB DEFAULT CHARSET=utf8;
/*!40101 SET character_set_client = @saved_cs_client */;

--
-- Dumping data for table `config`
--

LOCK TABLES `config` WRITE;
/*!40000 ALTER TABLE `config` DISABLE KEYS */;
INSERT INTO `config` VALUES (1,1,0);
/*!40000 ALTER TABLE `config` ENABLE KEYS */;
UNLOCK TABLES;

--
-- Table structure for table `dataset`
--

DROP TABLE IF EXISTS `dataset`;
/*!40101 SET @saved_cs_client     = @@character_set_client */;
/*!40101 SET character_set_client = utf8 */;
CREATE TABLE `dataset` (
  `id` int(11) NOT NULL,
  `name` varchar(45) DEFAULT NULL,
  `path` varchar(200) DEFAULT NULL,
  PRIMARY KEY (`id`)
) ENGINE=InnoDB DEFAULT CHARSET=utf8;
/*!40101 SET character_set_client = @saved_cs_client */;

--
-- Dumping data for table `dataset`
--

LOCK TABLES `dataset` WRITE;
/*!40000 ALTER TABLE `dataset` DISABLE KEYS */;
INSERT INTO `dataset` VALUES (1,'squares','squareimages'),(2,'used cars','usedcar_images');
/*!40000 ALTER TABLE `dataset` ENABLE KEYS */;
UNLOCK TABLES;

--
-- Table structure for table `datasetinfo`
--

DROP TABLE IF EXISTS `datasetinfo`;
/*!40101 SET @saved_cs_client     = @@character_set_client */;
/*!40101 SET character_set_client = utf8 */;
CREATE TABLE `datasetinfo` (
  `id` int(11) NOT NULL,
  `picNum` int(11) DEFAULT NULL,
  `price` varchar(45) DEFAULT NULL,
  `title` varchar(5000) DEFAULT NULL,
  `description` varchar(9000) DEFAULT NULL,
  PRIMARY KEY (`id`)
) ENGINE=InnoDB DEFAULT CHARSET=utf8;
/*!40101 SET character_set_client = @saved_cs_client */;

--
-- Dumping data for table `datasetinfo`
--

LOCK TABLES `datasetinfo` WRITE;
/*!40000 ALTER TABLE `datasetinfo` DISABLE KEYS */;
INSERT INTO `datasetinfo` VALUES (50,2,'$200','flywing 100 cc dirt bike  ',''),(51,3,'$200','Ford 16\" factory Truck Rims ',''),(52,3,'$200','Truck topper ',''),(53,1,'$200','Mid size truck toolbox ',''),(54,1,'$200','Mid size truck diamond plate toolbox ',''),(55,1,'$200','4 chevy rims ',''),(56,1,'$300','12 ft trailer ',''),(57,1,'$300','4 Stock S10 ZR2 Rims ',''),(58,2,'$300','03-07 6.0 powerstroke SCT Tuner ',''),(59,1,'$300','F 150 fiberglass topper ',''),(60,1,'$300','Wheelchair lift ',''),(61,2,'$300','17\" Firestone Winterforce Tires ',''),(62,2,'$300','17\" Firestone Winterforce Tires ',''),(63,3,'$400','Mastercraft AT Tires&amp;Rims ',''),(64,1,'$400','car dolley ',''),(65,1,'$400','tires and rims off a 91 chevy blazer ',''),(66,1,'$400','Vision wheels 16x7 424 with gun metal finish ',''),(67,4,'$400','BODY PARTS FOR TALON  ',''),(68,2,'$450','73-87 GM truck bed ',''),(69,3,'$500','Centerline rims(REDUCED!!!) ',''),(70,1,'$500','snowmobile foresale ',''),(71,1,'$500','oiablo 18in rims ',''),(72,3,'$500','1983 Vanagon ',''),(73,6,'$500','Toyota truck 1992 ',''),(74,8,'$500','1982 CJ5 Postal Jeep ',''),(75,2,'$500','20\" Spoke Rims- 5 lug universal ',''),(76,3,'$500','(Rensselaer) 17\" Chrome stock rims off a Chrysler ',''),(77,4,'$500','Like new 17\" gmc rims with tires! ',''),(78,3,'$525','2008 Silver Fox Go Cart ',''),(79,3,'$525','Lear truck cap 5.8ft crew cab ',''),(80,4,'$550','american racing rims and tires fits fords  ',''),(81,2,'$550','95 chevy beretta ',''),(82,1,'$600','18\" chrome rims ',''),(83,4,'$600','1989 cutlass ciera ',''),(84,3,'$600','1990 Lincoln town car ',''),(85,1,'$600','77 chevy caprice ',''),(86,2,'$650','6x10 utility trailer ',''),(87,4,'$650','Toyota Corolla ',''),(88,3,'$700','97 oldsmobile ',''),(89,3,'$700','97 oldsmobile  ',''),(90,5,'$700','2000 Infinity i30 Accident damaged car ',''),(91,3,'$750','88 Ford Bronco 4x4 ',''),(92,3,'$750','Sno-Way Salt Spreader ',''),(93,4,'$750','!!@@@! 1996 cirrus  ',''),(94,6,'$795','97 Chrylser LXI MINI VAN ',''),(95,4,'$800','1994 Dodge Ram 1500 ',''),(96,8,'$800','1980 ford f250 2wd motivated seller make offer ',''),(97,5,'$800','2000 buock lasabre ',''),(98,6,'$800','89 dodge Dakota  ',''),(99,4,'$800','1978 Chevy K1500  ',''),(100,7,'$800','1966 Volkswagen Beetle ',''),(101,3,'$800','1988 s10 ',''),(102,8,'$850','1994 Chevy Cargo Van ',''),(103,2,'$850','1985 Dodge Truck W150 4x4 ',''),(104,1,'$900','94 sable like taurus cheap ',''),(105,1,'$900','1971 Datsun 510 Wagon four door ',''),(106,1,'$900','95  CHEVY ASTRO VAN ',''),(107,3,'$900','20   Dcenti Rims w/ Tires ',''),(108,3,'$900','1999 dodge grand caravan  ',''),(109,4,'$950','1983 ford f-150 2wd ',''),(110,1,'$1000','1987 GMC safari cargo van ',''),(111,6,'$1000','1985 delta 88 ',''),(112,2,'$1000','trade 1996 ford crown vic police inter or ',''),(113,2,'$1000','1998 Jeep Grand Cherokee  ',''),(114,4,'$1000 ','1996 Dodge Ram w/ Cap ',''),(115,4,'$1000','1986 ford f250 4x4 will trade for 4 wheeler ',''),(116,4,'$1000','1989 chevy suburban  Scottsdale  ',''),(117,1,'$1000','1996 e 250 cargo van ',''),(118,3,'$1000','1975 Dodge 1 ton ',''),(119,1,'$1000','1995 jeep grand Cherokee limited edition ',''),(120,1,'$1000','2002 Hyundai accent - good work car ',''),(121,3,'$1000','92 LINCOLN  ',''),(122,2,'$1000','92 GMC Sonoma ',''),(123,1,'$1050','1992 nissan sentra xe ',''),(124,1,'$1075','85 Dodge Van ',''),(125,1,'$1100','EXTREMELY rare. . . 1954 Nash Rambler! ',''),(126,2,'$1100','1992 Chevrolet 2500 ',''),(127,2,'$1100','1990 mercury grand marquis ',''),(128,1,'$1100','1976 Chrysler Newport 2 door ',''),(129,3,'$1100','1995 Saturn SL1 ',''),(130,1,'$1100','guy with labaren convertable!l@@K! please ',''),(131,3,'$1100','1994 chrysler lhs ',''),(132,2,'$1100','1979 Dodge D-150 Work Truck ',''),(133,1,'$1200','Silver Star Backpacker AVP Inside Wheelchair and Scooter Lift ',''),(134,3,'$1200','79  F-150 4x4 ',''),(135,1,'$1200','1991 Chevrolet S10 Tahoe ',''),(136,5,'$1200','23 ft car hauler for sale ',''),(137,4,'$1200','1990 ford work van ',''),(138,1,'$1200','Chevy 1500 ',''),(139,2,'$1200','96` Chrysler LHS  ',''),(140,6,'$1200','1998 Ford Taurus ',''),(141,4,'$1200','89 dodge dakota ',''),(142,3,'$1200','1990 F-250 EFI ',''),(143,6,'$1200','2003 Crown Vic Mechanic Special! ',''),(144,8,'$1200','1998 Volvo ',''),(145,5,'$1200','92 LINCOLN  ',''),(146,2,'$1200','1993 GEO STORM ',''),(147,4,'$1200','1995 ford f-150  ',''),(148,5,'$1200','99 Ford con-tour  ',''),(149,4,'$1200','1993 GMC SIERRA  ',''),(150,7,'$1250','1961 ford unibody ',''),(151,2,'$1300','ford van  ',''),(152,5,'$1300','ford mini van RIGHT NUMBER NOW  ',''),(153,1,'$1300','1999 Mercury Cougar ',''),(154,5,'$1300','93 ford van ',''),(155,2,'$1300','CHROME RIMS AND TIRES FOR DODGE RAM 1500 ',''),(156,4,'$1350','1998 ford windstar  ',''),(157,1,'$1350','97 gmc jimmy ',''),(158,3,'$1400','91 Honda Civic ',''),(159,5,'$1400','2000 gmc sonoma ',''),(160,3,'$1400','1990 Ford Box Van ',''),(161,4,'$1400','1997 ford exploer4x4 all leather interior real clean!! ',''),(162,3,'$1400','1990 Ford Box Van ',''),(163,6,'$1500','1994 S 10  ',''),(164,1,'$1500','1990 dodge ramcharger ',''),(165,1,'$1500','1969 murcury monterey custom ',''),(166,3,'$1500','95 chevy z71 4x4 reduced need gone!!! ',''),(167,6,'$1500','1989 Ford F250 4x4 ',''),(168,1,'$1500','1993gmc suburban k1500 4x4 ',''),(169,2,'$1500','1986 GMC 34 ton pickup ',''),(170,3,'$1500','1997 chrysler convertable ',''),(171,2,'$1500','moped with sidcar  ',''),(172,1,'$1500','avenger -- gas getter ',''),(173,4,'$1500','Stock car ',''),(174,1,'$1500','1984 Chevy c-10 ',''),(175,1,'$1500','1995 Chevy S10 ',''),(176,3,'$1500','Ford windstar ',''),(177,3,'$1500','1998 s-10 needs a little love ',''),(178,4,'$1500','**1995 chevy S10 4x4 ex-cab** ',''),(179,2,'$1500','1986 GMC 3/4 PICKUP Sold ',''),(180,6,'$1500','85chevy tk mech special ',''),(181,4,'$1500','2012 5X8 enclosed trailer ',''),(182,3,'$1500','1996 Chevy Cavalier  ',''),(183,2,'$1500','89 Ford Ranger ',''),(184,1,'$1500','91 chevy camaro rs ',''),(185,4,'$1500','1983 Cadillac Sedan Deville ',''),(186,1,'$1500','99 ford Taurus ',''),(187,2,'$1500','24 FT Trailer ',''),(188,3,'$1500','trade for 4x4 or 3/4 or 1ton truck ',''),(189,5,'$1500','91 toyota camry 4cyl auto gas saver ',''),(190,8,'$1550','86 El Camino Conquista ',''),(191,6,'$1650','4x4 Chevy Suburban K2500 DIESEL  ',''),(192,4,'$1650','Mechanic s Special!  2000 Jeep Grand Cherokee ',''),(193,2,'$1650','1987 Toyota pickup ',''),(194,1,'$1650','1995 pontiac bonneville ',''),(195,5,'$1695','1993 CHEVY 1500 TRUCK ',''),(196,4,'$1700','1996 Forsd Escort LX ',''),(197,3,'$1700','chevy S10 4x4 ',''),(198,6,'$1700','96 honda accord ',''),(199,6,'$1700','1993 chevy 1500 pickup 2wd ',''),(200,1,'$1700','1995 chevy s 10 5 speed ',''),(201,1,'$1700','1995 chevy s 10 5 speed ',''),(202,5,'$1700','95 Dodge Intrepid  ',''),(203,1,'$1750','95  Jeep Grand Cherokee  ',''),(204,8,'$1750','*** 94 CHRYSLER CONCORDE, LOW MILES 110K, RUNS AND DRIVES PERFECT ***  ',''),(205,6,'$1750','1999 Dodge Grand Caravan  ',''),(206,1,'$1800','Pure Street Stock Car ',''),(207,4,'$1800','93 Olds Cuttlas Supreme 3.1 V6 Good running work car ',''),(208,3,'$1800','97 monte carlo  ',''),(209,4,'$1800','1995 F150 w wood bed ',''),(210,1,'$1800','Chevy Venture Van 98 ',''),(211,1,'$1800','96 sl2 Saturn 4 door automatic tranny 1800 obo ',''),(212,3,'$1800','1988 Ford Bronco II ',''),(213,1,'$1800','4.3 Vortec 4L60E trans &amp; a transfer case ',''),(214,7,'$1800','1992 Oldsmobile Trefeo ',''),(215,1,'$1850','1999 Saturn SW2 ',''),(216,1,'$1850','HANDY DUMPTRUCK ',''),(217,5,'$1850','2004 KIA SEDONA EX MINIVAN  ',''),(218,4,'$1850','00 Cavalier at-4dr-cd-runs excell.-35mpg-new altr., batt.-765-461-6043 ',''),(219,8,'$1850','1985 Chevy C20 Scottsdale Service/Flatbed Truck ',''),(220,4,'$1850','00 Cavalier at-4dr-cd-runs excell.-35mpg-new altr., batt.-765-461-6043 ',''),(221,4,'$1850','00 Cavalier at-4dr-cd-runs excell.-35mpg-new altr., batt--------',''),(222,1,'$1850','1993 chevy suburban 2wd. 3rd row seating ',''),(223,1,'$1900','1991 chevy camaro rs 1900 obo ',''),(224,2,'$1900','TWO CARS ONE PRICE  ',''),(225,4,'$1900','87 Ford f-150 ',''),(226,7,'$1900','1996 Chevrolet Beretta Z26-Make Offer ',''),(227,4,'$1900','1995 chevy z71 k1500 ',''),(228,4,'$1900','1995 chevy z71 ext cab ',''),(229,3,'$1900','1995 k1500 z71 ',''),(230,3,'$1900','1995 GMC 3/4 TON 2WD..!! ',''),(231,3,'$1900','1983,1 ton 454 auto,11ft flat bed ',''),(232,1,'$1950','93 jeep cherokee ',''),(233,6,'$1950','GRAND AM GT ~ SPORTY GAS SAVER ONLY 155k ~ V6 AUTOMATIC ',''),(234,3,'$2000','1986 ford f350 ',''),(235,2,'$2000','Used School Bus ',''),(236,3,'$2000','GREAT LOOKING TRUCK for sale/trade ',''),(237,4,'$2000','91 Ford F150, 31, xxx original miles, wanting to trade for gas saver ',''),(238,3,'$2000','Nice Jeep Limited ',''),(239,1,'$2000','@@@@94 gmc sierra@@@@ ',''),(240,1,'$2000','20 foot trailer ',''),(241,6,'$2000','1990 f-250 4x4 sell or trade  ',''),(242,5,'$2000','71 Impala 2dr hardtop 350/350 ',''),(243,8,'$2000','Grand Cherokee ',''),(244,4,'$2000','1990 dodge 12 passenger van ',''),(245,8,'$2000','1990 Buick Estate Stationwagon ',''),(246,1,'$2000','96 dodge intrepid  ',''),(247,5,'$2000','AWESOME RUNNING CAR ',''),(248,1,'$2000','96 dodge intrepid  ',''),(249,1,'$2000','1982 Trans Am  ',''),(250,1,'$2000','mean 88 bronco on 33 s ',''),(251,5,'$2000','1992 isuzu pickup (75000 miles) ',''),(252,3,'$2000','1993 Dodge Dakota ',''),(253,4,'$2000','1992 Chevy dually diesel ',''),(254,1,'$2000','97 ford ranger ',''),(255,3,'$2000','97 explorer for sale ',''),(256,7,'$2000','1997 Ford Aerostar van 62k orig. miles, 4 wheel drive ',''),(257,6,'$2000','2002 kia sadona ',''),(258,3,'$2000','DODGE MAXI VAN ',''),(259,4,'$2000','1995 chevy k1500 ',''),(260,4,'$2000','1999 ford explorer ',''),(261,2,'$2000','2006 Yamaha Blaster ',''),(262,5,'$2000','98 Pontiac grand prix GTP ',''),(263,4,'$2000','1995 chevy k1500 ',''),(264,1,'$2000','1999 explorer ',''),(265,6,'$2000','2003 Volkswagen Beetle ',''),(266,4,'$2000','1995 chevy k1500 z71 ',''),(267,3,'$2000','1995 z71 chevy k1500 ',''),(268,1,'$2000','1997 cadillac deville  ',''),(269,1,'$2000','83 Blazer 4x4 ',''),(270,4,'$2000','1980 Caprice Classic ',''),(271,1,'$2000','1998 Oldsmobile Sillouette ',''),(272,2,'$2000','1993 GMC truck         ',''),(273,5,'$2000','1993 Isuzu Trooper ',''),(274,2,'$2000','1996 ford e250 ',''),(275,3,'$2000','1994 subaru ',''),(276,3,'$2000','1994 Honda Civic ',''),(277,3,'$2000','2006 Yamaha Blaster ',''),(278,6,'$2000','1989 Chevy Camaro RS ',''),(279,2,'$2000','CAdillac Deville 96(o.b.o) ',''),(280,1,'$2000','94 f 150 trade ',''),(281,2,'$2000','2003 Grand Prix se ',''),(282,1,'$2000','rare bmw from tenn 530i 5speed v-8 ',''),(283,8,'$2000','2001 Mercury Sable LS Premium ',''),(284,2,'$2000','2001 Explorer ',''),(285,2,'$2100','Toyota Camry ',''),(286,4,'$2100','1995 Cadillac Sedan DeVille  ',''),(287,3,'$2100','1985 dodge ramcharger ',''),(288,2,'$2100','02 chevy astro cargo van ',''),(290,6,'$2150','99 Malibu at-v6-allpwr-new tires--',''),(291,1,'$2150','1991 mazda miata mx-5 ',''),(292,6,'$2150','99 Malibu at-v6-allpwr-new tires--',''),(293,6,'$2150','99 Malibu at-v6-allpwr-new tires--',''),(294,4,'$2200','Ford Taurus ',''),(295,1,'$2200','MERCEDES BENZ 85 ',''),(296,7,'$2200','1995 Cavalier z24 ',''),(297,1,'$2200','1988 Dodge Conversion Van ',''),(298,1,'$2200','1999 ford explorer ',''),(299,1,'$2200','94 chevy ext cab 2wd ',''),(300,1,'$2200','2000 Ford Focus ',''),(301,2,'$2200','2001 Lincoln LS ',''),(302,1,'$2200','02 Chevy Cavalier ',''),(303,1,'$2250','2001 Daewoo ',''),(304,1,'$2250','2001 Daewoo Nubira  ',''),(305,1,'$2250','2001 DAEWOO Station Wagon ',''),(306,4,'$2250','2000 Pontiac Sunfire 2 dr ',''),(307,7,'$2250','Chevy one ton Short bus ',''),(308,6,'$2300','1995 FORD F150 ',''),(309,4,'$2300','96 Ford Mustand ',''),(310,1,'$2300','1990 chevy truck lowered stepside ',''),(311,3,'$2300','96 Suburban 1500 ',''),(312,1,'$2300','Nice 95 Dodge Dakota ',''),(313,5,'$2300','1993 Jeep Grand Cherokee ',''),(314,7,'$2300','1999 mitsubishi eclipse rs ',''),(315,1,'$2300','Nissan Pickup 1994 ',''),(316,6,'$2350','1987 Dodge Daytona Pacifica, Sporty, (Classic) ',''),(317,5,'$2400','2000 FORD WINDSTAR ',''),(318,2,'$2400','1986 Jeep Grand Wagoneer ',''),(319,2,'$2400','Ford Ranger   ',''),(320,3,'$2400','2001 HYUNDAI ELANTRA GAS SAVER ',''),(321,2,'$2400','03 neon  ',''),(322,3,'$2400','1999 Saab 9-3 SE Turbo, Perfect Winter Car ',''),(323,8,'$2400','1999 Nissan Sentra ',''),(324,8,'$2450','1996 FORD TAURUS 74K miles ',''),(325,4,'$2495',' 94 Ford Taurus ',''),(326,1,'$2499','2000 gmc sonoma ',''),(327,2,'$2500','85 fox body mustang convertible lx - ',''),(328,1,'$2500','1992 Honda Accord ',''),(329,6,'$2500','1980 Chevy Short bus ',''),(330,3,'$2500',' Chevrolet 3500 1ton ',''),(331,3,'$2500','1997 mazda miata  ',''),(332,4,'$2500','Antique Cars For Sale ',''),(333,4,'$2500','1994chevy ',''),(334,2,'$2500','1997 dakota ',''),(335,3,'$2500','2001 Sunfire GT ',''),(336,3,'$2500','1994 Ford F250 ',''),(337,5,'$2500','2002 Dodge Carava',''),(338,6,'$2500','Chevy 1 Ton ',''),(339,3,'$2500','94 dodge pick up v8 ',''),(340,1,'$2500','2003 Crown Vic PI ',''),(341,4,'$2500','ford f150 4x4 + plow ',''),(342,8,'$2500','1991 GMC Suburban ',''),(343,4,'$2500','99 chevy DNR tahoe ',''),(344,4,'$2500','98 buick  ',''),(345,3,'$2500','2001 Subaru outback sedan ',''),(346,1,'$2500','02 Intrepid TRADE for small truck ',''),(347,7,'$2500','1994 Pontiac Firebird ',''),(348,5,'$2500 ','2002 Grand Prix GT ',''),(349,6,'$2500','1992 Dodge W-150 ',''),(350,8,'$2500','I988 Dodge 250LE 3/4 ton truck for sale or trade -  (East side of Lafayette ',''),(351,2,'$2500','1955 Ford F-100 Pickup ',''),(352,2,'$2500','2004 Subaru Outback ',''),(353,8,'$2500','1996 ford thunderbird ',''),(354,3,'$2500','2002 nissan sentra type r ',''),(355,2,'$2500','89. 1 ton  ext cab  ',''),(356,5,'$2500','1995 F250 Truck ',''),(357,1,'$2500','1963 chevy corvair ',''),(358,2,'$2500','1992 caprice wagon            o.b.o ',''),(359,1,'$2500','2001 Explorer  ',''),(360,7,'$2500','1993 Ford F-150 trade? ',''),(361,3,'$2500','looking for tuners ',''),(362,2,'$2500','1993 s10  ',''),(363,2,'$2500','nice rust free 88 chevy 2500 ',''),(364,4,'$2500','1998 Dodge Mini Van ',''),(365,4,'$2500','1999 chevy s10 ext.cab  ',''),(366,6,'$2500','1978 TRIUMPH SPITFIRE - 2 CARS ',''),(367,7,'$2500','Tracker / geo / 1993 ',''),(368,6,'$2500','Chevy Short bus ',''),(369,2,'$2500','98Hondas civic 91,000k ',''),(370,8,'$2500','1981 Cadillac Coupe Deville  ',''),(371,5,'$2500','1989 CAMARO RS ',''),(372,4,'$2500','sale or trade 2001 dodge grand caravan sport ',''),(373,4,'$2500','1995 subaru legacy lsi AWD  ',''),(374,4,'$2500','4x4 1996 GMC 3500 1 ton Truck ',''),(375,2,'$2500','2003 Mitsubishi eclipse Gs ',''),(376,4,'$2500','1999 ford windstar sel van ',''),(377,4,'$2500','1993 Ford F150 trade? ',''),(378,1,'$2500','1994 yukon 4x4 ',''),(379,3,'$2575','1998 Concorde LXI ',''),(380,3,'$2600','Honda civic ',''),(381,3,'$2600','Chevy tracker ',''),(382,3,'$2600','1999 camaro v6 ',''),(383,1,'$2600','1990 chevy truck lowered stepside ',''),(384,2,'$2600','1999 camaro  ',''),(385,7,'$2600','2000 blazer obo ',''),(386,0,'$2600','2000 Ford Windstar and more! ',''),(387,2,'$2650','Ford conversion van ',''),(388,6,'$2700',' 03 Oldsmobile Alero ',''),(389,6,'$2700','2001 ford taurus 103k ',''),(390,3,'$2700','2002 Lincoln Continental ',''),(391,4,'$2700','1996 Ford F350  ',''),(392,1,'$2700','1999 ford ranger ',''),(393,4,'$2700','99 s-10 extreme ',''),(394,4,'$2700','93 Toyota Hilux Pickup 4x4 ',''),(395,1,'$2700','1999 Ford Ranger ',''),(396,4,'$2700','03 grand prix gtp ',''),(397,3,'$2700','1998 Expedition Xlt ',''),(398,1,'$2750','1996 honda accord great car!! ',''),(399,1,'$2750','CHEVY TRUCK ',''),(400,7,'$2750','Chevy C 65 Grain Truck ',''),(401,1,'$2800','2000 Mercury Cougar SE ',''),(402,8,'$2800','1996 Ram 1500 w/plow trade ',''),(403,7,'$2800','94 firebird lt1 350 ',''),(404,7,'$2800','94 firebird lt1 350 ',''),(405,8,'$2800','2000 honda accord se ',''),(406,3,'$2800','Sharp T-Top Camaro MAKE AN OFFER! ',''),(407,8,'$2800','2000 honda accord se  ',''),(408,1,'$2800','1979 ford F-350 w/steel flatbed dump ',''),(409,1,'$2800','Race car trailer ',''),(410,1,'$2800','1999 Ford Ranger stepside  ',''),(411,3,'$2800','99 sebring 127 k nice!! ',''),(412,8,'$2800','1996 Chevy c1500 need to sell ASAP  ',''),(413,2,'$2800','1999 ford ranger ',''),(414,2,'$2800','4x4 chevy ext cab 3rd door ',''),(415,4,'$2800','95 mustang v6 convertible  ',''),(416,5,'$2800','1996 Dodge Ram 1500 V8 ',''),(417,1,'$2800','1997 HONDA CRV ',''),(418,5,'$2800','Nice Jeep Cherokee limited ',''),(419,5,'$2800','2003 Hyundai Accent, silver 4 door ',''),(420,3,'$2800','2001 pt cruiser ',''),(421,2,'$2800','99 GMC SONOMA ',''),(422,2,'$2800','1999 ford ranger ',''),(423,4,'$2800','99 Jeep Grand Cherokee Limited ',''),(424,2,'$2850','1999 pontiac grand am ',''),(425,3,'$2900','1983 Ford Bucket Trucks ',''),(426,3,'$2900','99 Ranger 4x4 4d ',''),(427,1,'$2900','2000 pontiac sunfire gt ',''),(428,4,'$2900','**1997 GMC SONOMA SLS SPORT** ',''),(429,6,'$2900','2000 ford expedition eddi ',''),(430,5,'$2900','2000 jeep grand cherokee ',''),(431,3,'$2950','nice family car ',''),(432,3,'$2950','98 chevy blazer 4x4  ',''),(433,3,'$2950','2001 ford focus ',''),(434,3,'$2950','1997 Mercury Grand Marquis  ',''),(435,2,'$2975','1997 Ford Explorer 4x4 ',''),(436,8,'$2995','1976 FIAT 124 SPIDER CONVERTABLE ',''),(437,4,'$2999','Camaro RS Green in color 120,321 milesV63800motor ',''),(438,3,'$3000','chevy cavalier. tradee? ',''),(439,1,'$3000','2000 chevy silverado 1500 ',''),(440,3,'$3000','1999 Honda Accord Coupe EX ',''),(441,3,'$3000','1999 Honda Accord Coupe EX ',''),(442,5,'$3000','1999 Grand Am in Excellent Condition, Trade for Extended Cab Truck ',''),(443,4,'$3000','2001 Chevrolet Venture Van (black) ',''),(444,2,'$3000','2006 kawasaki 400 quad . ',''),(445,3,'$3000','2000 Ford Mustang 3000 obo ',''),(446,1,'$3000','1994 chrysler concorde ( low miles) ',''),(447,4,'$3000','1993 Lifted TOYOTA pickup 4x4 ',''),(448,7,'$3000','1998 4 Door Mercury Sable LS ',''),(449,1,'$3000','2002 Cadillac Priced to sell!! ',''),(450,5,'$3000','2000 ford explorer  ',''),(451,1,'$3000','98 Honda civic, 91,000 mi. bmw4 body kit. ',''),(452,2,'$3000','2000 Jeep Grand Cherokee Laredo ',''),(453,2,'$3000','88 chevy 2500 rust free very nice ',''),(454,3,'$3000','chevy cavalier. gas saver ',''),(455,5,'$3000','1998 ISUZU TROOPER ',''),(456,4,'$3000','2002 Buick Park Avenue- very reliable car ',''),(457,3,'$3000','2002 Pt cruiser limited edition ',''),(458,7,'$3000','2000 Ford Taurus, buyer didn t show... ',''),(459,6,'$3000','2001 Ford Focus ZTS ',''),(460,4,'$3000','1997 Cadillac deville for sale 3000 obo ',''),(461,4,'$3000','gas saver. cavalier  ',''),(462,1,'$3000','88 Camaro Iroc Z28 ',''),(463,4,'$3000','1991 Dodge D-150 ',''),(464,6,'$3000','`1969` 4 door chevelle  ',''),(465,2,'$3000','1999 Ford F250 ',''),(466,3,'$3000','Lifted 79 Ford F150 ',''),(467,2,'$3000','93 ford diesel. 7.3 ',''),(468,6,'$3000','1996 crown vic police car ',''),(469,1,'$3000','2000 Dodge Duramgo ',''),(471,8,'$3000','RESTORED 1955 IH TRUCK ',''),(472,1,'$3000','1992 Ford F250 ',''),(473,4,'$3000','GMC Savana ',''),(474,4,'$3000','2000 Ford Focus ZTS ',''),(475,3,'$3000','2002 Pontiac Grand Am ',''),(476,6,'$3050','REDUCE',''),(477,3,'$3100','2002 Chevy Blazer LTD - 4DR - Automatic 4WD, 131KMiles ',''),(478,4,'$3100','Buick Park Avenue 2000 ',''),(479,5,'$3100',';);););););(;););););)) 35 anniversary cougar;);););););););););;) ',''),(480,3,'$3100','2006 Suzuki GSX600F ',''),(481,2,'$3100','Ford Taurus  ',''),(482,3,'$3100','1997 jeep grand cherokee ',''),(483,2,'$3100','1996 Chevy S-10  ',''),(484,6,'$3100','1999 Mercury Sable LS, ',''),(485,6,'$3200','2001 CHEVY 2500 EXPRESS CARGO VAN*LADDER RACK ',''),(486,6,'$3200','01 Dodge Ram Very Clean ',''),(487,3,'$3200','1998 ford ranger low miles need gone asap ',''),(488,6,'$3200','2000 Jeep Grand Cherokee Limited ',''),(489,3,'$3200','2000 Jeep Cherokee 3200 obo ',''),(490,5,'$3200','2000 LT chevy blazer ',''),(491,8,'$3200','2000 olds bravada suv low miles trade or sell ',''),(492,7,'$3200','2001 cadillac cater',''),(493,2,'$3200','chevy 4x4 ext cab ',''),(494,2,'$3200','2001 Ford E-350 SuperDuty ',''),(495,1,'$3200','1999 town and country ',''),(496,3,'$3200','98 Chevy Venture Excellent Condition ',''),(497,8,'$3200','^^^^^^^^ 1 9 9 8 NISSAN MAXIMA SE ;;;;;;;;;; ',''),(498,4,'$3200','nice Cummins turbo diesel ',''),(499,4,'$3200','2006 star Equipment trailer 24 ft ',''),(500,3,'$3200','2006 Ford E-350 Box Trk  ',''),(501,3,'$3200','1998 honda civic ex trade for truck ',''),(502,6,'$3200','1996 Olds Ciera ',''),(503,4,'$3200','03 mustang ',''),(504,2,'$3250','2001 Mitsubishi Galant Sedan (Price dropped) ',''),(505,1,'$3250','2001 Mitsubishi Galant Sedan ',''),(506,2,'$3250','1994 dodge ram ',''),(507,2,'$3250','1994 dodge ram ',''),(508,1,'$3250','2002 Ford Windstar Van      ',''),(509,6,'$3300','1999 ford explorer xlt awd great veihicle ',''),(510,6,'$3300','Chevy Malibu 2004!!!! ',''),(511,4,'$3300','1997 Mercury Grand Marquis ',''),(512,2,'$3300','2003 FORD TAURUS ',''),(513,3,'$3300','2000 pontiac sunfire ',''),(514,6,'$3300','*2002 dodge stratus rt coupe ',''),(515,3,'$3300','2001 Ford Focus (gray) ',''),(516,8,'$3300','1994 GMC Safari Mini Van ',''),(517,3,'$3400','MECHANICS SPECIAL 2004 FORD EXPLORER XLS NICE ',''),(518,5,'$3400','2002 chevy impala ',''),(519,8,'$3400','2003 GMC Sonoma SL ',''),(520,4,'$3400','1996 Buick Lesabre ',''),(521,1,'$3450','95 Dodge 1 Ton ',''),(522,4,'$3450','3500 Chevy Box Truck 1 owner ',''),(523,6,'$3450','1999 Mercedes benz C280 ',''),(524,1,'$3495','2000 SATURN LS ',''),(525,3,'$3500','2004 Chrysler Sebring ',''),(526,7,'$3500','86 Mustang Convertible 5.0  ',''),(527,6,'$3500','1998 Dodge Ram 4x4 sport  ',''),(528,5,'$3500','2002 pontiac grand am ',''),(529,8,'$3500','2000 JEEP GRAND CHEROKEE ',''),(530,6,'$3500','2001 civic lx ',''),(531,4,'$3500','F 250 Lariat 4X4 ',''),(532,4,'$3500','95 Jeep Grand Cherokee 4x4 ',''),(533,1,'$3500','2003 suzuki drz 250 enduro 3500 obo or trade ',''),(534,1,'$3500','94 f150 4x4 single cab  ',''),(535,3,'$3500','2000 Dodge Durango 4x4 ',''),(536,3,'$3500','06 malibu maxx ',''),(537,4,'$3500','1991 s-10 v-8 ',''),(538,2,'$3500','Mike Bos 12.90 Jr. Dragster ',''),(539,3,'$3500','Best deal on craiglist! Buick Century fully equipped ',''),(540,8,'$3500','1996 Toyota Camry LE (123k miles) ',''),(541,1,'$3500','2003 suzuki drz 250 trade 3500 ',''),(542,4,'$3500','1983 FORD F250 4X4 , 76,000 MILES ',''),(543,5,'$3500','2002 cadillac deville ',''),(544,6,'$3500','2004 Ford Taurus (SE Sedan 4D) ',''),(545,7,'$3500','1965 chevy 1/2 ton ALL ORIGINAL ',''),(546,1,'$3500','1999 Toyota Camry Le ',''),(547,5,'$3500','1997 GMC K1500 extended cab 4X4 ',''),(548,8,'$3500','01 cadillac sts ',''),(549,6,'$3500','01 caddy sts ',''),(550,8,'$3500','01 caddy sts 114k ',''),(551,1,'$3500','2005 Grand AM ',''),(552,7,'$3500','2001 caddy sts ',''),(553,8,'$3500','2001 caddy sts ',''),(554,4,'$3500','1999 Jeep Grand Cherokee ',''),(555,8,'$3500','1996 Jeep Grand Cherokee Limited ',''),(556,1,'$3500','1995 chevy 350 ',''),(557,8,'$3500','1998 Ford Ranger 4x4 Ext. Cab ',''),(558,5,'$3500','2002 Chevy venture ',''),(559,5,'$3500','2001 DODGE RAM V6 AUTOMATIC ',''),(560,5,'$3500','1998 chevy 1/2 ton 4X4 ',''),(561,5,'$3500','1986 Chevrolet Monte Carlo SS roller ',''),(562,8,'$3500','1987 caprice lowrider ',''),(563,4,'$3500','2004 Saturn ',''),(564,8,'$3500','Custom  98 honda civic ex ',''),(565,3,'$3500','Jeep Wrangler ',''),(566,6,'$3500','1998 E350 Ford cargo van 7.3 powerstroke w/ towing setup &amp; chip ',''),(567,8,'$3500','2003 dodge grand caravan se ',''),(568,6,'$3500','1997 Honda Civic  ',''),(569,3,'$3500','1998 ford expedition for sale 4x4 loaded!!!!!!! ',''),(570,3,'$3500','99 Grand Prix gtp 3500 OBO  ',''),(571,3,'$3500',' Pontiac Bonneville ',''),(572,6,'$3500','01 Ram 1500 4x4 ',''),(573,3,'$3500','Lifted 96 dodge ram on 36s reduced!!\" ',''),(574,1,'$3500','1995 Chevy Truck ',''),(575,1,'$3500','2000 lincoln town car executive series ',''),(576,8,'$3500','*Lifted 1996 dodge ram* ',''),(577,4,'$3500','02 explorer with 3rd row and 4x4 ',''),(578,5,'$3500','2001 Conversion Van ',''),(579,2,'$3600','2000 Ford Windstar ',''),(580,2,'$3600','2000 4x4 trade ',''),(581,4,'$3600','2004 Pontiac Grand Am SE ',''),(582,6,'$3600','1996 nissan  ',''),(583,3,'$3600','2002 ford zx2 escort low miles ',''),(584,4,'$3600','Chevy Malibu classic 04 ',''),(585,1,'$3600','01 vw passat ',''),(586,4,'$3600','2002 durango ',''),(587,6,'$3600','Chevy Malibu classic 04  ',''),(588,6,'$3600','04 Chevy Malibu Classic  ',''),(589,3,'$3650','!!!--2001 Mazda---!!! ',''),(590,3,'$3700','!!2002 GTP SUPER CHARGED GRAND PRIX!! ',''),(591,1,'$3700','97 F150 4x4 sport  6cyl 5 speed ',''),(592,6,'$3700','2004 mitsubishi lancer ',''),(593,6,'$3700','2004 mitsubishi lancer ',''),(594,6,'$3700','1995 Ford Mustang 3700 obo ',''),(595,4,'$3700','=====2002 MAZDA MILLENIA===== ',''),(596,6,'$3700','1998 Subaru Legacy GT Limited ',''),(597,8,'$3700','04 Pontiac Sunfire 100k ',''),(598,7,'$3700','2004 Pontiac sunfire LOW miles ',''),(599,7,'$3700','2004 Pontiac Montana ',''),(600,5,'$3700','2000 HONDA ACCORD ',''),(601,5,'$3700','2000 HONDA ACCORD ',''),(602,3,'$3700','** 2002 GRAND PRIX SUPER CHARGE GTP** ',''),(603,3,'$3750','2003 Black Saturn Ion ',''),(604,7,'$3750','Lincoln Mark viii 1998 ',''),(605,1,'$3800','F-250 w/plow ',''),(606,1,'$3800','1998 Jeep Grand Cherokee Laredo ',''),(607,4,'$3800',' blazer 1988 ',''),(608,2,'$3800','2000 Chevrolet Cavalier Z24 Sport Convertible ',''),(609,8,'$3800','1998 Oldsmobile Cutlass GLS - LOW MILES ',''),(610,3,'$3800','2002 Mountaineer 4x4 ',''),(611,3,'$3800','Eclipse RS 1999 ',''),(612,4,'$3800','ford excursion 2001  ',''),(613,8,'$3800','chevy malibu ls 2003 ',''),(614,8,'$3800','97 ram 1500!!!! 4x4  ',''),(615,3,'$3800','98 GMC Z71 4x4 extended cab ',''),(616,4,'$3800','2000 VW BEETLE ',''),(617,7,'$3800','2004 Chrysler Sebring Limited convertible ',''),(618,6,'$3800','05 Pontiac Sunfire OR TRADE ',''),(619,8,'$3800','!! 97 ram 4x4 ext. cab !! ',''),(620,6,'$3800','01 VENTURE ',''),(621,8,'$3800','2002 Mazda MPV ',''),(622,6,'$3800','2001 VENTURE VAN ',''),(623,7,'$3825','1998 S10 EXT CAB  ~~~LOW MILES~~~ 2.2 S-10 ',''),(624,4,'$3850','02 GRAND AM ',''),(625,1,'$3899','2001 Ford Escape 4X4 ',''),(626,7,'$3900','1998 F-150 4X4 ',''),(627,4,'$3900','1999 jetta  ',''),(628,2,'$3900','1999 F150 ',''),(629,8,'$3900','1999 ford expedition 4x4 Eddie Bauer  ',''),(630,8,'$3900','Loaded 1999 ford expedition Eddie Bauer 4x4 ',''),(631,5,'$3900','99 SILVERADO ',''),(632,8,'$3900','Eddie Bauer edition Ford expedition ',''),(633,8,'$3900','4x4 Eddie Bauer expedition third row ',''),(634,4,'$3900','2002 Honda Civic- LOW MILES ',''),(635,5,'$3950','2001 Chrysler PT Cruiser Limited  ',''),(636,4,'$3950','1939 Lafayette Nash ',''),(637,5,'$3995','2001 Mitsubishi Eclipse GT ',''),(638,8,'$3999','2001 FORD TRUCK F150 Super Cab (Short Bed 4D) ',''),(639,5,'$4000','1997 Chevy 3/4 ton 4x4 454 vortec ',''),(640,1,'$4000','cadillac dts will take payments  ',''),(641,3,'$4000','2001 Ford Focus ',''),(642,1,'$4000','92 chevy 1500 bagged ',''),(643,1,'$4000','1995 F350 Non-Dually 4x4 Crew cab ',''),(644,2,'$4000','1997 F-350 utility ',''),(645,8,'$4000','1962 Impala 283 power glide original title  ',''),(646,4,'$4000','GMC FOR SALE ',''),(647,2,'$4000','ALL ELECTRIC 1973 VW Beetle Conversion  ',''),(648,8,'$4000','1993 mustang GT  ',''),(649,3,'$4000','1988 Ford F700 Grain Dump Truck ',''),(650,2,'$4000','01 Jeep Cherokee Sport ',''),(651,3,'$4000','2005 PT Cruiser ',''),(652,5,'$4000','2007 Ford Focus ',''),(653,1,'$4000','97 ford f250 hd utility truck ',''),(654,3,'$4000','1994 ford f250 4x4 with western snowplow ',''),(655,5,'$4000','2001 Ford Mustang  ',''),(656,4,'$4000','2000 chevrolet blazer  4x4 ',''),(657,7,'$4000','99 volvo s80 t6 turbo ',''),(658,3,'$4000','1989 Jeep ',''),(659,5,'$4000','1997 Honda Accord LX ',''),(660,5,'$4000','2000 Mercedes Benz CLK230 ',''),(661,2,'$4000','01 Chrysler Sebring Convertable LXI with 70k miles ',''),(662,4,'$4000','YUKON( VERY NICE 4X4)REDUCED ',''),(663,1,'$4000','1999 dodge 1500 4x4 ',''),(664,1,'$4000','2001 PONTIAC GRAND AM ',''),(665,5,'$4000','2000 grand marquis ',''),(666,1,'$4000','97 ford f250 hd utility truck ',''),(667,4,'$4000','2000 mercury grand marquis ',''),(668,4,'$4000','1988 dodge bucket truck  ',''),(669,4,'$4000','98 Audi A4 2.8L Quattro (for sell or trade) ',''),(670,6,'$4000','2000 grand marquis  ',''),(671,8,'$4000',' 72 Chevy C10 Pickup Truck ',''),(672,2,'$4000','Dodge Dakota r/t ',''),(673,1,'$4000','99  bmw 323',''),(674,8,'$4000','Chevy Cavalier 2004 ',''),(675,5,'$4000','03 DODGE STRATUS ',''),(676,2,'$4000','1994 GMC Truck ',''),(677,1,'$4000','2001 Gmc Jimmy 72k miles ',''),(678,2,'$4000','1994 lincoln ',''),(679,1,'$4000','98 mustang gt f/s f/t ',''),(680,7,'$4000','***Big Red*** 1977 Ford F-250 ',''),(681,4,'$4000','98 Audi A4 2.8L Quattro (for sell or trade) *updated contact ',''),(682,1,'$4000','2000 Ford Mustang ',''),(683,4,'$4000','97 Dodge Ram 1500 4x4 ',''),(684,8,'$4000','2000 Volkswagen Jetta VR6 2.8 ',''),(685,4,'$4100','2003 FORD RANGER EDGE ',''),(686,7,'$4100','Twin turbo Volvo S80 T6  ',''),(687,1,'$4100','03 blazer 4x4 ',''),(688,7,'$4100','2003 mazda 6  ',''),(689,2,'$4200','1995 Z71 4X4 ',''),(690,1,'$4200','2001 dodge 3500  ',''),(691,7,'$4200','99 4x4 Chevy 3/4 Ton ',''),(692,1,'$4200','97 ford f250 hd utility truck ',''),(693,3,'$4200','S10 Truck ',''),(694,4,'$4200','\"72\" Cadillac ',''),(695,1,'$4200','1998 GMC Yukon ',''),(696,1,'$4200','2003 Pontiac Montana ',''),(697,8,'$4200','1997 GMC Suburbon 4X4 ',''),(698,5,'$4200','2004 Durango ',''),(699,8,'$4200','1997 Suburbon 4x4 ',''),(700,5,'$4200','2006 CHEVY MALIBU MAXX LT*RUNS GOOD ',''),(701,2,'$4200','2003 blazer 4x4 ',''),(702,4,'$4200','honda civic ex coupe 1999 ',''),(703,1,'$4200','2001 dodge ram ext cab 4x4 ',''),(704,2,'$4200','Ford Expedition 1999 ',''),(705,4,'$4200','1996 Chevy Silverado  Truck Extended Cab  ',''),(706,6,'$4250','24 foot enclosed trailer ',''),(707,2,'$4250','1989 GMC Jimmy 4x4 ',''),(708,4,'$4300','4X4 Sante Fe 2001  ',''),(709,6,'$4300','2003 Ford Escort ZX2  ',''),(710,2,'$4300','2001 Sante Fe 4X4 ',''),(711,8,'$4300','2005 Kia Sedona EX DVD  ',''),(712,2,'$4300','1994 Dodge Ram Cummins ',''),(713,5,'$4300','02 WINDSTAR  ',''),(714,5,'$4300','2002 WINDSTAR ',''),(715,7,'$4400',' 99 Buick Century Limited Very Low Miles ',''),(716,6,'$4400','2003 Honda Civic EX ',''),(717,8,'$4499','1999 Mazda mx5 Miata ',''),(718,7,'$4500','2003 Nissan Altima 2.5S ',''),(719,3,'$4500','2002 ford explorer ',''),(720,4,'$4500','2003 Volkswagon Passat ',''),(721,7,'$4500','Infiniti I30 2001 ',''),(722,5,'$4500','2000 DODGE 2500 VAN TAILGATE SPECIAL with TV and SOUND SYSTEM ',''),(723,1,'$4500','1990 Ford F350 Diesel plow truck ',''),(724,2,'$4500','2005 Buick LeSabre Custom ',''),(725,5,'$4500','1999 Jeep Cherokee Sport ',''),(726,8,'$4500','2004 Suzuki Forenza ',''),(727,7,'$4500','2003 Chevy S10 LS Ext. Cab 4.3L V6 ',''),(728,8,'$4500','2001 INTERNATIONAL 4700 18 BOX LIFTGATE AIRRIDE ',''),(729,3,'$4500','2001 Honda Civic ',''),(730,3,'$4500','99 Chevy S10 ',''),(731,3,'$4500','2003 nissan sentra SE-R speec v  ',''),(732,2,'$4500','1997 ford f-250 hd utility ',''),(733,1,'$4500','Mustang convertible  ',''),(734,8,'$4500','1978 Buick Regal project car/ drag car ',''),(735,4,'$4500','2000 Nissan Quest ',''),(736,4,'$4500','2000 Chevy S10 4500 OBO ',''),(737,1,'$4500','1998 GMC Yukon ',''),(738,3,'$4500','1995 CHEVY 3500HD DIESEL ',''),(739,2,'$4500','99 dodge ram 1500 4x4 ',''),(740,5,'$4500','2002 Crown Victoria LX Sport  ',''),(741,4,'$4500','2002 eclipse grey--11k ',''),(742,4,'$4500','2001 Dodge Ram 1500 EXT Cab ',''),(743,2,'$4500','2001 Ford Explorer Sport Trac ',''),(744,1,'$4500','04 Dodge Dakota single cab ',''),(745,8,'$4500','1997 Lincoln Town Car ',''),(746,4,'$4500','2003 Mits Lancer OzRally 94 k miles (updated) ',''),(747,5,'$4500','1967 skylark  ',''),(748,1,'$4500','2002 mustang v6  ',''),(749,6,'$4500','2003 trailblazer  ',''),(750,1,'$4500','98 Dodge 4x4-plow ',''),(751,7,'$4500','2003 trailblazer  ',''),(752,1,'$4500','Clean 1996 F250 4x4 ',''),(753,7,'$4500','03 chevy trailblazer 124k miles ',''),(754,6,'$4500','2004 Chevy Monte Carlo ',''),(755,4,'$4500','99 JEEP GRAND CHEROKEE ',''),(756,2,'$4500','2006 HONDA 600RR ',''),(757,3,'$4500','2005 Pontiac Grand Prix GT ',''),(758,1,'$4500','Mustang convertible  ',''),(759,6,'$4500','2001 GRAND AM GT !!47TH ANNIVERSARY!! ',''),(760,3,'$4500','2006 Grand Prix (blacked out) ',''),(761,6,'$4500','2003 honda civic  ',''),(762,3,'$4500','99 JEEP GRAND CHEROKEE ',''),(763,6,'$4500','2001 GRAND AM GT ',''),(764,8,'$4600','2001 honda prelude 113k ',''),(765,4,'$4600','97 GMC Z71 extend cab 4x4 ',''),(766,2,'$4600','2001 ford  F 150  ',''),(767,8,'$4600','05 Kia Sedona ex dual sliding doors ',''),(768,7,'$4600','2004Honda Civic LX 121,000miles ',''),(769,1,'$4699','2001 FORD ESCAPE 4x4 ',''),(770,8,'$4700','1997 TOYOTA CAMRY 109 K MILES ',''),(771,4,'$4700','2005 Ford Super Duty Truck F350 TRADE FOR JEEP ',''),(772,4,'$4700','dodge ram truck 4x4 2002 ',''),(773,2,'$4700','2001 Subaru Outback Wagon ',''),(774,8,'$4700','109 K MILES TOYOTA CAMRY 109 K MILES ',''),(775,3,'$4750','02 lincoln ls ',''),(776,4,'$4750','2004 Honda Civic LX 137',''),(777,4,'$4750','2002 Cadillac Deville DTS ',''),(778,4,'$4750','2004 Chevy Malibu Maxx LT(hatchback) ',''),(779,3,'$4800','2005 Dodge Neon SXT ',''),(780,4,'$4800','1999 S-10 4x4 Ext. cab LS ',''),(781,5,'$4800','**very clean chevy malibu 2003 ',''),(782,3,'$4800','Lincoln ls ',''),(783,5,'$4800','lifted 1997 wrangler ',''),(784,6,'$4800','2001 Toyota Camry XLE ',''),(785,1,'$4800','1999 GMC Sierra 454 ',''),(786,2,'$4800','1998 Chevy 3500 Truck ',''),(787,8,'$4850','2004 Chevy Silverado 4WD ',''),(788,1,'$4900','1999 Bravada make offer want to get rid of ',''),(789,3,'$4900','dodge ram 1500  ',''),(790,8,'$4900','2005 Ford Taurus SE LOW miles ',''),(791,3,'$4900','2001 honda civic ex ',''),(792,6,'$4900','2000 dodge Dakota quad cab ',''),(793,1,'$4900','ford excursion ',''),(794,8,'$4900','Low miles 01 Malibu LS  ',''),(795,6,'$4900','2004 Dodge Stratus RT ',''),(796,8,'$4900','Low mileage Malibu clean! ',''),(797,6,'$4950','2001 Isuzu Trooper limited 4wd low miles 106k ',''),(798,2,'$4995','2002 Pontiac Bonneville SLE ',''),(799,5,'$4995','1971 C10 LB Truck ',''),(800,7,'$4995','1997 Ford F-250 HD (Diesel) 4X4  ',''),(801,5,'$5000','1987 GMC 3500 wrecker Tow Truck ',''),(802,5,'$5000','Chevy Nova ',''),(803,8,'$5000','1969 chevelle  ',''),(804,7,'$5000','1997 Ford F-150 105000 miles no rust. ',''),(805,8,'$5000','1985 collector edition Buick Lesabre green  ',''),(806,4,'$5000','1998 ford expedition ',''),(807,3,'$5000','2003 Chevy 1500 4x4 ',''),(808,8,'$5000','2000 jetta ',''),(809,2,'$5000','1990 454 SS  ',''),(810,4,'$5000','2005 Buick Terraza ',''),(811,4,'$5000','1965 Mustang Coupe ',''),(812,8,'$5000','2004 hyundai tiburon dark blue custom ',''),(813,2,'$5000','2003 Ford Explorer 4wd  ',''),(814,3,'$5000','01 Ford Expedition ',''),(815,3,'$5000','2001 Toyota tundra  ',''),(816,8,'$5000','Astro Van / 1999 / Cargo / All-wheel Drive  ',''),(817,1,'$5000','97 Chevy 1500 4x4 ',''),(818,6,'$5000','2002 Ford Explorer 4X4 ',''),(819,1,'$5000','1999.5 F250 5.4 Built. ',''),(820,5,'$5000','03 chevy trailblazer. 124k miles  ',''),(821,6,'$5000','1999 gmc 1500 4x4 ext cab 118k mi black ',''),(822,4,'$5000','2004 Saturn Ion ',''),(823,2,'$5000','2005 Ford Freestar SE ',''),(824,4,'$5000','1991 GMC Sierra 2500 ',''),(825,6,'$5000','1996 F-250 POWERSTROKE ',''),(826,2,'$5000','2004 Chevrolet Trailblazer LT ',''),(827,8,'$5000','2000 Silverado   ',''),(828,6,'$5000','1985 Mustang GT 5.0 5 speed ',''),(829,3,'$5000','\"LOOK\" 1993 CHEVY SILVERADO ',''),(830,4,'$5000','1965 Mustang Coupe ',''),(831,1,'$5000','2004 Chevrolet Monte Carlo ',''),(832,7,'$5100','White Ford F150 Cab and a half third door 105,000 miles sharp ',''),(833,4,'$5150','97 Jeep Wrangler Sport Price Reduced ',''),(834,4,'$5150','2000 Ford F-250 Super Duty 4x4 Reg. Cab ',''),(835,4,'$5200','1997 F150 larait ',''),(836,6,'$5200','1997 ford f150 Clean ',''),(837,3,'$5200','1999 Honda Accord ',''),(838,6,'$5200','Ford truck.  ',''),(839,6,'$5200','2001 Dodge 1500 Quad Cab 4x4 Very Clean No Rust, Runs Great, Reduced ',''),(840,8,'$5200','2002 Pontiac Grand Prix GTP 40th Anniversary ',''),(841,8,'$5200','2006 SUZUKI FORENZA 61 K MILES HARD TO FIND !!!!!!! ',''),(842,3,'$5200','2006 28+  Patriot enclosed 2 car trailer PRICE REDUCED! ',''),(843,1,'$5200','96 chevy truck ',''),(844,8,'$5200','61000 MILES SUZUKI FORENZA 2006 ',''),(845,8,'$5250','1986 Iroc Z28 Camaro ',''),(846,4,'$5300',' 71 Chevy Truck LB ',''),(847,5,'$5300','2000 Honda Odyssey ',''),(848,7,'$5300','2006 Chevy Cobalt ',''),(849,3,'$5350','Lifted jeep grand cherokee  ',''),(850,2,'$5400','2006 jeep liberty ',''),(851,6,'$5400','2000 dodge Dakota quad cab v8 ',''),(852,5,'$5500','1964 chevy impala/belair ',''),(853,4,'$5500','2001 Mercury Mountaineer ',''),(854,2,'$5500','97 Buick LeSabre Limited 60k miles ',''),(855,4,'$5500','1992 International 4900 series. w/ steel bed 5500. obo ',''),(856,3,'$5500','1997 F350 ',''),(857,2,'$5500','2005 Chevy Long Bed Silverado Truck ',''),(858,4,'$5500','`87 Mustang - drag car, 347 stroker, roll cage, too much to list ',''),(859,2,'$5500','Mike Bos Jr. Dragster 8.90 ',''),(860,3,'$5500','2002 F150 Extended Cab ',''),(861,8,'$5500','2002 Pontiac Grand Prix GTP 40th Anniversary ',''),(862,6,'$5500','01 lifted ezgo for a 4 wheel drive truck ',''),(863,4,'$5500','2004 Montana 4X4  ',''),(864,1,'$5500','S10 Extreme 2003 ',''),(865,4,'$5500','2005 Honda Civic Ex Sedan ',''),(866,4,'$5500','2007 Chevy Cobalt LS ',''),(867,0,'$5500','2005 Honda Civic Ex 4 door ',''),(868,3,'$5500','***Clean SUV*** ',''),(869,5,'$5500','2002 Volve s40 reliabe car for sale ',''),(870,4,'$5500','2003 Expedition  ',''),(871,1,'$5500','2001 Chevy Silverado 2500 HD ',''),(872,6,'$5500','2OO3 RENDEZVOUS BUICK CXL ALL WHEELDRIVE 3rdROW ',''),(873,6,'$5500','2007 PT CRUISER ',''),(874,1,'$5500','2006 chevrolet cobalt ',''),(875,3,'$5500','2001 Ford F 150 ',''),(876,8,'$5500','1994 Ford Mustang GT V8 5.0 5Speed \"MUST SEE CONDITION\" ',''),(877,2,'$5600','****2000 FORD EXPLORER XLT***51,000 MILES*** ',''),(878,1,'$5700','1999 Dodge Ram 1500 ',''),(879,1,'$5700','97 Chevy ext can 4x4  ',''),(880,5,'$5700','2002 jeep ',''),(881,7,'$5700','2002 Ford Explorer 4X4, sale or trade ',''),(882,8,'$5700','2004 Ford Escape Limite 4x4 88xxx miles ',''),(883,2,'$5750','99 dodge ram 1500 sport quad cab ',''),(884,6,'$5800','1994 Chevy 2500 Pickup, Ext Cab, 4WD, low mileage ',''),(885,7,'$5800','2006 Pontiac G6  ',''),(886,4,'$5800','2001CHEVROLET TAHOE ',''),(887,8,'$5900','2001 Chevy Silverado 4 door. Low miles!  ',''),(888,7,'$5900','2003 Jeep Liberty - Limited Freedom Edition ',''),(889,5,'$5900','PASSAT!!!!! ',''),(890,7,'$5900','2003 Buick LeSabre; 69,000 miles ',''),(891,8,'$5900','4 door Chevy Silverado LS ',''),(892,5,'$5900','02 Ford E150 conversion van ',''),(893,5,'$5900','2002 FORD E150 CONVERSION VAN ',''),(894,5,'$5900','99 Toyota Tacoma ',''),(895,5,'$5900','Chevy Silverado 4 door V8 low miles ',''),(896,2,'$5900','ford f350 ',''),(897,5,'$5900','1999 Toyota Tacoma ',''),(898,3,'$5900','Dodge Ram 1500 ',''),(899,6,'$5900','2001 Dodge Ram 1500 quad cab ',''),(900,4,'$5900','94  Z71 Chevy/trade ',''),(901,4,'$5900','94  Z71 Chevy/trade ',''),(902,4,'$5950','97 Jeep Wrangler Sport ',''),(903,8,'$5950','2005 Dodge Grand Caravan sxt ',''),(904,3,'$5995','1996 Mercedes Benz E320 low miles ',''),(905,3,'$5995','1999 BMW 328i Convertible Must see!!! ',''),(906,2,'$5995','2005 CHEVY IMPALA...NICE..LOW MILES..!! ',''),(907,4,'$5999','2004 GMC BOX TRUCK  ',''),(908,8,'$6000','1999 Yellow Mustang GT ',''),(909,1,'$6000','1983 Buick Riviera ',''),(910,2,'$6000','1985 Ford F350XL Crewcab Dually ',''),(911,1,'$6000','Jeep 1979 CJ ',''),(912,7,'$6000','2000 bmw 323i *must sell* ',''),(913,1,'$6000','dogde dakota 4x4 ',''),(914,8,'$6000','1999 Ford F-350 super-duty 7.3l powerstroke diesel  ',''),(915,6,'$6000','2001 Volkswagen New Beetle TDI GLS ',''),(916,6,'$6000','2001 f-350 XLT SUPER DUTY  ',''),(917,8,'$6000','86 Feiro GT 6,000 obo ',''),(918,8,'$6000','2008 Pontiac G6 ',''),(919,8,'$6000','2008 Pontiac G6 ',''),(920,7,'$6000','2007 grand prix ',''),(921,7,'$6000','05 rendezvous cx 123k miles  ',''),(922,1,'$6000','2003 CHEVY TRAILBLAZER 4X4 LT LEATHER SEATS 7 ',''),(923,6,'$6000','Audi a6 Quattro 1998 ',''),(924,6,'$6000','98 chevy half ton 4x4 ',''),(925,8,'$6000','2002 Ford Ranger ',''),(926,8,'$6000','1995 Mustang GT ',''),(927,8,'$6000','05 rendezvous cx 123k miles ',''),(928,5,'$6000','05 rendezvous cx 124k miles  ',''),(929,1,'$6000','96 dodge ram w/v plow ',''),(930,6,'$6000','05 rendezvous cx 124k miles ',''),(931,7,'$6000','05 rendezvous mint 124k ',''),(932,5,'$6000','2004 Chevy Malibu  ',''),(933,6,'$6000','1964 chevy El Camino ',''),(934,1,'$6100','2003 Mazdaspeed Protege ',''),(935,7,'$6100','06 Chevy Equinox ',''),(936,1,'$6200','SOLD!!!!   2001 Chevrolet Silverado - Extended Cab ',''),(937,8,'$6200','2005 Volkswagon Passat TDI ',''),(938,6,'$6200','2005 Handa CRV  ',''),(939,1,'$6200','2001 Mercedes-Benz E320 ',''),(940,3,'$6200','2006 Pontiac G6 GT ',''),(941,8,'$6250','2000 323i 118.xxx Must Sale ',''),(942,3,'$6300','Chevy Malibu 2005 Mileage:90000 ',''),(943,8,'$6300','2002 FORD EXPLORER XLT ***ONE OF A KIND ',''),(944,7,'$6400','2004 Grand Prix GT ',''),(945,1,'$6500','1994 Ford F250 (tan) ',''),(946,8,'$6500','1977 Mustang II ',''),(947,1,'$6500','1998 K1500 ext cab 3rd door ',''),(948,3,'$6500','2001 BMW  ',''),(949,2,'$6500','99 ford f250 7.3 powerstroke tons of new parts ',''),(950,1,'$6500','07 Buick Terraza ',''),(951,4,'$6500','2003 Hyundai Tiburon GT ',''),(952,1,'$6500','Nice van for sale!!! ',''),(953,8,'$6500','Bus / 87 Chevy / Motorcycle Hauler/Storage ',''),(954,5,'$6500','2005 Chevy Equinox LT ',''),(955,6,'$6500','2001 Dodge Ram 1500 ',''),(956,2,'$6500','2002 chevy silverado ext cub ',''),(957,3,'$6500','2003 mustang gt ',''),(958,6,'$6500','2005 Focus ZX3 60,000 mi ',''),(959,4,'$6500','2001 BMW ',''),(960,1,'$6500','2000 Eddie Bauer Expedition ',''),(961,7,'$6500','buick park avenue ultra 2004 102K ',''),(962,2,'$6500','stealth/3000gt ',''),(963,7,'$6500','reliable 01 F150 ',''),(964,7,'$6500','2007 chevy impala  ',''),(965,1,'$6500','2003 Avalanche Z71 WBH ',''),(966,4,'$6500','2000 Chevy 3/4 4x4 with snow plow ',''),(967,8,'$6500','04 park ave ultra 102k mint!!! ',''),(968,4,'$6600','2004 Chevrolet Trailbrazer ',''),(969,5,'$6650','98 extended cab 4x4 Cummins ',''),(970,3,'$6700','1976 Cadillac Eldorado ',''),(971,5,'$6700','2003 Chevy Silverado ',''),(972,8,'$6800','2004 Dodge Ram 1500 ',''),(973,4,'$6800','2000 Chevrolet Silverado ',''),(974,3,'$6800','2008 dodge caliber ',''),(975,7,'$6800','2005 Trailblazer 4x4  ',''),(976,4,'$6800','2006 PONTIAC G6  ',''),(977,8,'$6800','2007 KIA OPTIMA LX 97 K MILES  ',''),(978,8,'$6800','97 K MILES 2007 KIA OPTIMA LX ',''),(979,8,'$6800','97000 MILES KIA OPTIMA LX ',''),(980,7,'$6900','2004 Chevy Suburban Z71 ',''),(981,4,'$6900','Custom 2001 Chevy s10. EYE catcher!!  ',''),(982,4,'$6900','2005 Chevy Silverado 2500 HD 4WD Watch video ! ',''),(983,8,'$6900','2001 Toyota Tundra 4X4 ',''),(984,8,'$6900','Saturn Vue 2007 For Sale ',''),(985,5,'$6900','CHEVROLET 2500 EXT CAB ',''),(986,3,'$6950','GMC dually low mileage ',''),(987,5,'$6980','2004 Silver Kia Spectra ',''),(988,1,'$6995','2002 Ford F150 sport 4x4  ',''),(989,8,'$6995','2001 DODGE DAKOTA  CLUB CAB ',''),(990,8,'$6999','2004 Honda Accord EX leather ',''),(991,8,'$6999','2002 dodge dakota 4x4 v8 4.7 l ',''),(992,3,'$7000','Datsun 521  ',''),(993,7,'$7000','1995 CHEVROLET 3500 HD ',''),(994,3,'$7000','95 mustang gt with cobra engine ',''),(995,2,'$7000','05  MONTE CARLO ',''),(996,1,'$7000','2004 Trailblazer 4x4 ',''),(997,8,'$7000','GMC Envoy 8 passenger!  ',''),(998,8,'$7000','2003 Chevy S10 Xtreme 65k Miles ',''),(999,5,'$7000','2000 Chevy Astro Van ',''),(1000,4,'$7000','2007 kia optima ',''),(1001,4,'$7000','96 mustang very fast ',''),(1002,6,'$7000','1974 Camaro ',''),(1003,5,'$7000','1995 Z28  ',''),(1004,4,'$7000','2007 Cadillac CTS  117k  LOADED ',''),(1005,1,'$7000','Hyundai Tiburon GT \"Low Miles\" ',''),(1006,8,'$7000','HYBRID HONDA CIVIC 2005 WITH 62K MILES ',''),(1007,8,'$7000','2005 HONDA CIVIC HYBRID 62K Actual MILES ',''),(1008,1,'$7100','08 ford focus coupe ',''),(1009,4,'$7200','2001 honda civic!!! ',''),(1010,7,'$7200','2004 Pontiac Grand Prix GT ',''),(1011,6,'$7200','Honda Civic LX automatic ',''),(1012,8,'$7200','4x4 loaded Chevy Trailblazer extended LT ',''),(1013,8,'$7300','2001 Toyota Tundra 4X4 Truck ',''),(1014,1,'$7300','Jeep Grand Cherooke 2003 ',''),(1015,2,'$7300','2003 Ford Expedition FX4 ',''),(1016,7,'$7400','01 JEEP WRANGLER SPORT!!! ',''),(1017,1,'$7450','2005 L/S Siverado 1/2 4X4 Ext. Cab 8\" Bed w/Cap ',''),(1018,1,'$7499','Jeep Grand Cherooke 2003 ',''),(1019,8,'$7500','2005 Dodge 3500 Big Horn ',''),(1020,5,'$7500','*2002 Dodge Ram 1500 SS/T* ',''),(1021,4,'$7500','2003 Hyundai Tiburon GT ',''),(1022,5,'$7500','2009 Ford Ranger XL ',''),(1023,4,'$7500','01 lifted ram 1500  ',''),(1024,3,'$7500','2000 ford f250 4x4 ',''),(1025,4,'$7500','2005 Lincoln Towncar ',''),(1026,1,'$7500','..........74 plymouth duster...... ',''),(1027,6,'$7500','2000 Jeep Wrangler, Sahara 4wd ',''),(1028,6,'$7500','7.3 diesel F450  02 Lariat crew cab ',''),(1029,3,'$7500','Ford F-Super Duty Utility Truck with 30  Lift ',''),(1030,4,'$7500','aprilia 2007 rsv1000 ',''),(1031,2,'$7500','1968 Chrysler New Yorker ',''),(1032,2,'$7500','Suzuki Samurai Custom Rock Crawler ',''),(1033,1,'$7500','79 chevy c10 stepside ',''),(1034,1,'$7500','2002 chevy blazer 4 door ',''),(1035,3,'$7500','2005 Jeep Grand Cherokee ',''),(1036,3,'$7500','2006 Toyota corolla CE ',''),(1037,1,'$7500','Cummins 4x4 ',''),(1038,8,'$7500','Tax time special ',''),(1039,5,'$7500','2006 Chevy Cobalt  ',''),(1040,8,'$7500','1950 Olds 98 ',''),(1041,5,'$7700','1998 Dodge ram 2500 4x4 cummins diesel 5 speed ',''),(1042,6,'$7800','2007 CHEVY IMPALA ',''),(1043,3,'$7800','2001 CHEVY TAHOE LS ',''),(1044,3,'$7800','2002 mustang gt ',''),(1045,6,'$7800','2003 Dodge Ram 4x4 long bed 1 owner ',''),(1046,6,'$7800','2003 dodge ram 4x4 1500 long bed ',''),(1047,7,'$7800','03 Dodge Ram 4x4 long bed  low miles ',''),(1048,7,'$7800','1 owner low miles 03 ram 4x4 ',''),(1049,2,'$7800','2004 Audi A4 1.8t ',''),(1050,3,'$7850','2002 GMC 14  BOX TRUCK ',''),(1051,1,'$7870','2003 CIVIC Si ONLY 76k! ',''),(1052,4,'$7900','2005 Chevy Tahoe LS 4x4 ',''),(1053,6,'$7900','86 MONTE CARLO SS! SOLID CAR FROM TN!!! ',''),(1054,6,'$7900','2003 Volkswagen Beetle Turbo S ',''),(1055,1,'$7900','2007 Pontiac G5 ',''),(1056,5,'$7950','2001 GMC Sierra SL 4X4 ',''),(1057,8,'$7999','1990 MAZDA B2200** LOWRIDER** ',''),(1058,8,'$8000','LAST CHANCE! 2005 Chevy Cobalt SS Supercharged ',''),(1059,6,'$8000','2001 ford F150crew cab 4x4 127k ',''),(1060,0,'$8000','1999 Ford F-250 SD 4WD ',''),(1061,1,'$8000','2005 Mitsubishi Endeavor  ',''),(1062,1,'$8000','96 Dodge Ram 2500 Cummins ',''),(1063,1,'$8000','2001 Ford F150 ',''),(1064,6,'$8000','2005 Mustang Premium ',''),(1065,8,'$8000','78 cadillac eldorado ',''),(1066,4,'$8000','*2004 Mazda Rx-8 ',''),(1067,2,'$8000','95 Cummins  ',''),(1068,3,'$8000','1985 Corvette ',''),(1069,3,'$8000','2005 Chrysler Pacifica ',''),(1070,0,'$8000','1999 Ford F-250 SD 4WD ',''),(1071,4,'$8000','2004 chevy trailblazer ls 4wd ',''),(1072,5,'$8000','2007 FORD MUSTANG ',''),(1073,8,'$8000','I1991 international rollback diesel ',''),(1074,6,'$8000','2002 Toyota Sequoia ',''),(1075,4,'$8000','2007 FORD MUSTANG  ',''),(1076,8,'$8000','RIM READY! 03 TAHOE 120K MILES ',''),(1077,8,'$8000','1995 Eagle Talon TSI AWD ',''),(1078,5,'$8000','2004 Grey Honda Accord Fully Loaded V6 ',''),(1079,1,'$8000','2001 4x4 V6 4.0 LITER Ford Ranger Red.  Only 88,000 miles!! ! ',''),(1080,4,'$8000','03\" Ford E-250 Econoline  ',''),(1081,1,'$8000','Pontiac G6 GTP 2006 ',''),(1082,2,'$8100','2004 CHEVY 4X4 TRUCK ',''),(1083,1,'$8200','2005 Scion TC ',''),(1084,7,'$8200','2004 Durango HEMI 4 X 4 ',''),(1085,2,'$8250','2006 Chevrolet HD2500 Silverado ',''),(1086,8,'$8300','2004 Audi A4 Quattro ',''),(1087,3,'$8300','Ford f 150  1998 ',''),(1088,8,'$8300','2003 silverado ',''),(1089,2,'$8495','2004 Pontiac Grand AM GT Ram Air ',''),(1090,7,'$8500','2004 Cadillac DeVille ',''),(1091,7,'$8500','1983 Porsche 944 SPEC race car + EXTRAS &amp; SPARES!!! MUST SEE!! ',''),(1092,2,'$8500','2004 monte carlo SS ',''),(1093,8,'$8500','2000 chevy Z71 Step-side 4x4 ',''),(1094,8,'$8500','1971 Chevy Nova ',''),(1095,1,'$8500','Dodge Charger 2007 ',''),(1096,4,'$8500','2006 Chevrolet Trailblazer EXT  ',''),(1097,1,'$8500','2003 Dodge Ram 1500 Quad Cab 4x4 ',''),(1098,4,'$8500','**2003 Cadillac CTS** ',''),(1099,6,'$8500','2008 Dodge Avenger  ',''),(1100,3,'$8500','Ford F150 super crew ',''),(1101,6,'$8500','2008 honda civic ',''),(1102,1,'$8500','2004 GMC 3/4 ext.cab 4x4 ',''),(1103,4,'$8500','Monte Carlo SS Custom ',''),(1104,1,'$8500','06 jeep commander nice ',''),(1105,4,'$8600','2002 Mercedes 500ML ',''),(1106,4,'$8900','2004 Chevrolet Silverado 4x4 ',''),(1107,5,'$8900','PONTIAC GRAND PRIX,MUST SEE ',''),(1108,6,'$8900',' 02 SILVERADO 5.3L EXT CAB 4X4 ',''),(1109,3,'$8900','04 LINCOLN NAVIGATOR ',''),(1110,2,'$8900','2006 Honda Civic ',''),(1111,4,'$8900','2005 F 250 EXT CAB DIESEL 4X4 ',''),(1112,8,'$8900','Jeep Wrangler 2001 ',''),(1113,7,'$8900','Jeep Wrangler 2001 ',''),(1114,6,'$8950',' 1999 chevy dump truck ',''),(1115,4,'$8990','Great Service Van ',''),(1116,8,'$8995','2008 Mazda 6i sport value edition ',''),(1117,5,'$9000','2000 JEEP SAHARA 4WD ',''),(1118,2,'$9000','Clean CADILLAC CTS ',''),(1119,2,'$9000','04 Mini Cooper 4 sale  ',''),(1120,3,'$9000','2001 CHEVY Z71 FOR SALE ',''),(1121,8,'$9000','1998 dodge cummins 12 valve excab ',''),(1122,1,'$9000','2002 f250 lifted v-10 92000 miles ',''),(1123,4,'$9000','2006 jeep grand cherokee  ',''),(1124,4,'$9000','GRAND PRIX GXP ',''),(1125,6,'$9100','2004 Jeep Grand Cherokee, MINT CONDITION ',''),(1126,4,'$9200','Ford f 150  1998 ',''),(1127,7,'$9250','2003 Ford E350 Super Duty XLT  15 Passenger Van ',''),(1128,8,'$9400','NISSAN MAXIMA SL 3.5 2004 LOW MILES ',''),(1129,8,'$9500','2006 Dodge Durango Limited 4x4 ',''),(1130,3,'$9500','08 Grand Prix ',''),(1131,3,'$9500','2005 dodge quad cab 4x4 ',''),(1132,6,'$9500','2006 Pontiac G6 GT ',''),(1133,8,'$9500','1966 CHRYSLER NEWPORT - 1 OWNER - ALL ORIGINAL SURVIVOR ',''),(1134,8,'$9500','2005 Dodge 2500 4x4 Crew Cab ',''),(1135,6,'$9500','2001 camaro SS ',''),(1136,2,'$9500','2002 Dodge Ram 2500 Cummins ',''),(1137,6,'$9500','1991 ford f350 7.3 ltr diesel tow truck 4x4 ',''),(1138,8,'$9500','1980 rs camaro ',''),(1139,1,'$9500','01 Dodge 4x4 cummins-plow ',''),(1140,4,'$9500','2001 MUSTANG CONVERTIBLE **LOW MILES** ',''),(1141,5,'$9500','1960 Checrolet (Chevy) c20 C10 ',''),(1142,6,'$9500','1991 ford f350 7.3 ltr diesel tow truck 4x4 ',''),(1143,6,'$9500','1991 ford f350 7.3 ltr diesel tow truck 4x4 ',''),(1144,3,'$9600','2005 Chevy Colorado  ',''),(1145,6,'$9950','Bucket Truck ',''),(1146,7,'$9975','2007 CHEVY HHR ',''),(1147,1,'$10000','El camino ',''),(1148,8,'$10000','2008 Lancer  51k Miles ',''),(1149,8,'$10000','2004 Honda Odyssey EX-L RES 92k ',''),(1150,8,'$10000','for trade or sale ',''),(1151,1,'$10000','FOR SALE 2010 HARLEY SUPERGLIDE ',''),(1152,1,'$10000','03 mustang gt 5 speed ',''),(1153,6,'$10000','Corvette 1979 ',''),(1154,2,'$10000','2008 tiburon GT (obo) ',''),(1155,1,'$10000','2007 Dodge Grand Caravan SXT White ',''),(1156,1,'$10000','01 duramax for sale or trade  ',''),(1157,4,'$10000','2002 JEEP WRANGLER 4X4  ',''),(1158,3,'$10100','09 Chevy Malibu LS ',''),(1159,3,'$10200','Chevy colorado 2004 ',''),(1160,2,'$10200','Chevy colorado 2004 ',''),(1161,3,'$10200','2003 Ram 2500, 4x4 Quad Cab SLT ',''),(1162,3,'$10200','2003 Ram 2500. Quad Cab, 4v4 ',''),(1163,4,'$10250','2004 Cheverolet Z71 ',''),(1164,6,'$10300','2006 Chevy Colorado ',''),(1165,3,'$10300','(FG2) Civic Si coupe ',''),(1166,3,'$10400','Lifted 2002 F250 XL 4X4 (sale or trade) ',''),(1167,4,'$10500','2009 Silver Pontiac G6 GT ',''),(1168,1,'$10500','Chevy / 1966 / Dump Truck / 23,000 GVW ',''),(1169,1,'$10500','2004 Chevy Avalanche Z71 4x4 ',''),(1170,4,'$10500','1967 mercury Cougar ',''),(1171,3,'$10500','1989 Chevrolet Corvette  ',''),(1172,5,'$10500','2004 SUBARU BAJA',''),(1173,1,'$10500','MUST SEE  09 Cobalt ',''),(1174,5,'$10500','2001 Freightliner ',''),(1175,1,'$10500','1992 corvette. 62k original miles ',''),(1176,8,'$10900','2002 Chevy Silverado 2500HD ',''),(1177,1,'$10900','2003 Dodge Ram 2500 ',''),(1178,1,'$10900','Dodge Ram 2500, quad cab, 4x4 ',''),(1179,1,'$10900','2003 Ram 2500, Quad Cab, 4x4. ',''),(1180,1,'$10900','2003 Ram 2500 4 door 4x4 ',''),(1181,2,'$10900','2003 Truck Ram 2500. 4x4. 4 Door ',''),(1182,3,'$10900','2003 Ram 2500. QuadCab 4x4 ',''),(1183,8,'$10900','2004 GMC YUKON DENALI NICE ',''),(1184,7,'$10900','2002 Chevy Tahoe LT ',''),(1185,1,'$11000','Truck-2003 Ram 2500 HD 4 door, 4x4 ',''),(1186,1,'$11000','2008 dodge avenger rt  ',''),(1187,1,'$11000','2001 Silverado 4x4 85k miles ',''),(1188,4,'$11000','2002 audi tt Quattro  ',''),(1189,5,'$11000','2010 Kia Forte ',''),(1190,7,'$11000','2002 escalade ',''),(1191,6,'$11000','2002 GMC Envoy SLT ',''),(1192,4,'$11000','2009 cobalt ss sedan ',''),(1193,1,'$11000','2007 Ford Freestyle Limited ',''),(1194,5,'$11000','50K Mls Pontiac G6 SUPER CLEAN ',''),(1195,1,'$11200','2005 GMC envoy  ',''),(1196,1,'$11200','2003 Ram 2500 4v4 QUAD cab ',''),(1197,5,'$11200','97 Chev. Silverado ',''),(1198,1,'$11200','*2003 Cadillac CTS 5 Speed* ',''),(1199,6,'$11500','2006 Freightliner M2 ',''),(1200,4,'$11500','2010 Toyota Yaris 5-Dr Hatchback  ',''),(1201,4,'$11500','2010 Toyota Yaris 5-Dr Hatchback  ',''),(1202,4,'$11500','06 Jeep Liberty Renagade 58k miles ',''),(1203,6,'$11500','2002 TOYOTA TACOMA 4WD ',''),(1204,3,'$11900','2007 Burgany GMC Envoy ',''),(1205,8,'$11995','1995 GMC KODIAK 18 Foot Dump Body ',''),(1206,8,'$12000','2005 Toyota 4Runner SR5 ',''),(1207,1,'$12000','03wrx ',''),(1208,7,'$12000','2005 Ford F-150 Low Miles!! Flared Side Bed ',''),(1209,3,'$12000','2002 audi roadster Quattro ',''),(1210,8,'$12000','2008 Chevy Malibu LT Loaded ',''),(1211,2,'$12000','2005 Chevy Silverado Club Cab - Bose ',''),(1212,2,'$12000','2007 Dodge Ram 1500 4x4 ',''),(1213,4,'$12000','1992 GMC jimmy typhoon ',''),(1214,8,'$12000','2007 TrailBlazer ',''),(1215,4,'$12000','**Custom Drag** 1994 Chevy Camaro Z-28 ',''),(1216,4,'$12000','2007 Pontiac g6 gt ',''),(1217,7,'$12000','2005 Toyota 4Runner 12k obo would like gone this week  ',''),(1218,8,'$12400','2006 Jeep Grand Cherokee ',''),(1219,2,'$12400','Saab 92x Aero 05 new engine ',''),(1220,2,'$12500','1995 featherlite 3150 wedge ',''),(1221,7,'$12500','1970 chevy impala ',''),(1222,8,'$12500','1969 LINCOLN MARK III - 39,000 MI. - 2 OWNER - CLASSIC COLLECTOR CAR ',''),(1223,6,'$12500','CAMARO RALLY SPORT 1975  ',''),(1224,3,'$12500','2007 chevy silverado ',''),(1225,6,'$12500',' 76 Cadillac Fleetwood Brougham 76k Original Miles ',''),(1226,6,'$12500','2003 Infiniti G35 Coupe ',''),(1227,8,'$12600','2006 Honda Odyssey Ex-L R&amp;N ',''),(1228,1,'$12900','2004 chevy silverdo crew cab ',''),(1229,3,'$13000','FOR SALE 99 F250 ',''),(1230,2,'$13000','2007 Ford Edge SEL Plus ',''),(1231,6,'$13000','1987 chevy caprice classic ',''),(1232,3,'$13000','2008 Pontiac G6 Convertable ',''),(1233,6,'$13000','1987 chevy caprice classic ',''),(1234,1,'$13000','2004 chevy duramax  ',''),(1235,5,'$13000','2012 Ford Focus SE ',''),(1236,8,'$13300','2006 Ford Expedition ',''),(1237,1,'$13495','2004 CHEVY EXTENDED CAB LT 4X4 ',''),(1238,8,'$13497','2007 Ford Explorer XLT Black - 73,500 miles  ',''),(1239,7,'$13500','07 Mustang V6-LOW MILEAGE-pony ',''),(1240,8,'$13500','2005 ford F350 DIESEL 4*4 ',''),(1241,7,'$13500','2009 Honda Accord ',''),(1242,5,'$13783','RED 2010 KIA FORTE KOUP **GAS SAVER** ',''),(1243,8,'$13900','2006 INFINITI G35X FOUR DOOR AWD VERY NICE  ',''),(1244,1,'$14000','1978 MARK V ',''),(1245,8,'$14000','Honda Civic 2010 - 28K ',''),(1246,2,'$14000','2005 GMC Yukon XL (Price Drop) ',''),(1247,7,'$14000','1970 trans am ram air 3 ',''),(1248,8,'$14000','240sx s14 Kouki With S15 silvia sr20det ',''),(1249,8,'$14000','1987 Camaro IROC-Z ',''),(1250,3,'$14000','2011 MAZDA 6 ',''),(1251,3,'$14000','2003 Dodge Ram 2500 Diesel ',''),(1252,2,'$14000','2009 Lincoln MKZ ',''),(1253,2,'$14200','2012 Mitsubishi Eclipse GS sport ',''),(1254,7,'$14200','2012 Mitsubishi Eclipse (White) ',''),(1255,6,'$14300','sale or trade02 harleyd superch ',''),(1256,8,'$14500','LINCOLN 2007 MKZ ',''),(1257,2,'$14500','04 nissan pathfinder armada ',''),(1258,3,'$14500','2003 F350 7.3 4X4 ',''),(1259,8,'$14500','1937 CADILLAC LASALLE - 83,000 MILE SURVIVOR ',''),(1260,6,'$14900','2006 Mustang GT ',''),(1261,7,'$15000','2004 Jeep Wrangler Unlimited ',''),(1262,6,'$15000','2001 Ford F350 SD Supercab 4x4 MMO wrecker Tow Truck (UPGRADING FLEET) ',''),(1263,4,'$15000','1972 Chevy Nova 2 Dr. Coupe ',''),(1264,8,'$15000','67 chevy truck ',''),(1265,5,'$15200','2011 Silver Toytota Camry LE ',''),(1266,5,'$15400',' CHEVY CAMARO Z-28 ',''),(1267,3,'$15500','2006 Chevy HD 4X4 ',''),(1268,1,'$15500','2005 F150 SuperCrew Lariat 4X4 ',''),(1269,6,'$15995','2004 F350 Super Duty Diesel  ',''),(1270,5,'$15999','2011 Toyota Camry 47,000 miles extra nice everything but leather ',''),(1271,8,'$16000','2007 Ford Mustang GT ',''),(1272,2,'$16000','2003 Ford F-350 4X4 ',''),(1273,5,'$16000','2003 Chevy 2500 HD Crew Cab - Only 80,000 miles ',''),(1274,5,'$16000','Pearl White 2008 Nissan Quest ',''),(1275,8,'$16000','2008 Chevy Impala 4dr Sdn SS ',''),(1276,3,'$16000','Dodge Ram 2500 Cummins ',''),(1277,2,'$16000','1995 Custom Camaro  ',''),(1278,8,'$16000','2010 Subaru Legacy 2.5 i Premium  ',''),(1279,2,'$16000','2002 Cummins LOW MILES ',''),(1280,6,'$16500','2008 Chevrolet Impala SS ',''),(1281,1,'$16500','2009 Chrysler Town &amp; Coutnry 25th Anniversary ',''),(1282,1,'$16500','2009 Nissan Pathfinder SE-REDUCED ',''),(1283,7,'$16750','2009 Saturn Outlook XE ',''),(1284,8,'$17000','1969 pontiac firebird ',''),(1285,4,'$17000','2010 MINI COOPER S!!LOW MILE! GREAT DEAL ',''),(1286,8,'$17500','2007 Chevy Silverado 4X4 ',''),(1287,7,'$17500','2003 Ford F250 7.3L CCSB ',''),(1288,8,'$17999','2008 BMW 328XI COUPE (68000mile) ',''),(1289,3,'$18000','1999 p pump cummins ',''),(1290,5,'$18000','2003 Dodge 2500 Cummins ',''),(1291,3,'$18000','2009 GMC Canyon SLE2 Crew Cab 2WD Off-Road Truck ',''),(1292,1,'$18000','2004 Chevy 2500HD Duramax ',''),(1293,5,'$18000','1986 ford ecoline 350 motor home with only 61,000 miles on!!!  ',''),(1294,6,'$18500',' 05 Ford F350  Diesel Dump Truck ',''),(1295,4,'$18500','05 GMC Duramax 2500HD 4x4 ',''),(1296,8,'$18500','dodge cummins 2001 4x4 5spd ',''),(1297,0,'$18500','2004 Dodge Ram Quad Cab Diesel  ',''),(1298,3,'$18500','2010 Mitsubishi Lancer Ralliart ',''),(1299,8,'$18900','2008 Pontiac G8 GT 6.0L V8 ',''),(1300,4,'$18900','2010 Mitsubishi Outlander ',''),(1301,3,'$18900','1995 Kenworth ',''),(1302,8,'$18970','2008 Jeep Commander Limited HEMI 4WD (Reduced) ',''),(1303,5,'$18995 ','*****2007 Mustang GT Convertible***** ',''),(1304,8,'$18999','2008 BMW 328XI COUPE ',''),(1305,7,'$19000','2007 Chevy Avalanche LTZ 4x4 ',''),(1306,6,'$19000','2010 Ford mustang!!Low mileage!!!! ',''),(1307,8,'$19500','Pt Cruiser GT, Turbo, 2004 Chrysler  ',''),(1308,1,'$19500','Ford F350 super duty super cab  ',''),(1309,1,'$19500','2008 Ford F-150 Lariat 4WD  ',''),(1310,8,'$19795','2005 Cadillac Escalade EXT AWD ',''),(1311,4,'$19900','2011 Honda Accord SE ',''),(1312,7,'$19980','2011 mazdaspeed 3 w/tech pkg ',''),(1313,1,'$20000','03 chevy 2500 hd crew cab ',''),(1314,1,'$20200','2012 Jeep Wrangler ',''),(1315,8,'$20500','YELLOW AWESOME 2008 TOYOTA FJ CRUISER!! CALL TODAY!! ',''),(1316,2,'$20500','2009 Nissan Maxima LOADED!! ',''),(1317,8,'$20700','2013 Honda Accord LX - save on new ',''),(1318,3,'$21000','Dodge Ram 1500 Laramie 2007  ',''),(1319,4,'$21500','2012 Ford Fusion ',''),(1320,1,'$22500','2003 F250 Powerstroke Need to sell soon ',''),(1321,1,'$22500','2003 F250 Powerstroke Need to sell soon ',''),(1322,2,'$22500','2012 Toyota Camry SE 9700 miles ',''),(1323,3,'$22500','2007 Jeep Wrangler Sahara Unlimited ',''),(1324,7,'$22900','2012 Toyota Prius 4 ',''),(1325,2,'$23000','2008 Chevy Silverado crew LTZ leather ',''),(1326,1,'$23000','2013 Hyundai Sonata - Like NEW ',''),(1327,4,'$23500','2006 Dodge Ram 2500 5.9 Cummins 6sp. manual ',''),(1328,3,'$23500','1957 chevy wagon ',''),(1329,4,'$24000','2009 Subaru WRX ',''),(1330,2,'$24000','2005 Ford F-250 SD Lariat FX4 CC Low miles BULLETPROOFED ',''),(1331,8,'$24500','2007 Ford King Ranch 84,444 Miles ',''),(1332,1,'$25000','2002 International 4300 Rollback ',''),(1333,2,'$26500','2012 Ford Mustang GT ',''),(1334,1,'$26500','2011 Subaru WRX ',''),(1335,7,'$26900','2007 BMW X5 4.8- Sport package, Nav, low miles ',''),(1336,6,'$26900','2009 Ford F150 4X4 SUPERCREW  ',''),(1337,2,'$27900','2011 Truck Toyota Tundra double cab 4x4 rock warrior  ',''),(1338,2,'$28000','Corvette Z51 2005 ',''),(1339,5,'$28500','2012 Ram 1500 Big Horn 4x4 Crew Cab ',''),(1340,2,'$30000','07  4X4 CREWCAB WARRENTY+BOAT FOR TRADE ',''),(1341,1,'$32000','monster truck show winner over 150,000 invested need to sell asap ',''),(1342,1,'$34000','MERCEDES GL 450 ',''),(1343,3,'$35500','2003 Kenworth ',''),(1344,2,'$35900','2001 International 4700 17-1/2 Ton Terex Crane ',''),(1345,1,'$37000','2010 Chevy 2500 Silverado LTZ ',''),(1346,3,'$50000','2012 F350 ',''),(1347,7,'$115000','1981 Corvette Convertible ','');
/*!40000 ALTER TABLE `datasetinfo` ENABLE KEYS */;
UNLOCK TABLES;

--
-- Table structure for table `expecteddistanceerror`
--

DROP TABLE IF EXISTS `expecteddistanceerror`;
/*!40101 SET @saved_cs_client     = @@character_set_client */;
/*!40101 SET character_set_client = utf8 */;
CREATE TABLE `expecteddistanceerror` (
  `tree` int(11) NOT NULL,
  `level` int(11) NOT NULL,
  `disterr` double DEFAULT NULL,
  PRIMARY KEY (`tree`,`level`)
) ENGINE=InnoDB DEFAULT CHARSET=utf8;
/*!40101 SET character_set_client = @saved_cs_client */;

--
-- Dumping data for table `expecteddistanceerror`
--

LOCK TABLES `expecteddistanceerror` WRITE;
/*!40000 ALTER TABLE `expecteddistanceerror` DISABLE KEYS */;
/*!40000 ALTER TABLE `expecteddistanceerror` ENABLE KEYS */;
UNLOCK TABLES;

--
-- Table structure for table `indexparam`
--

DROP TABLE IF EXISTS `indexparam`;
/*!40101 SET @saved_cs_client     = @@character_set_client */;
/*!40101 SET character_set_client = utf8 */;
CREATE TABLE `indexparam` (
  `id` int(11) NOT NULL,
  `fanout` varchar(45) DEFAULT NULL,
  `dataset` int(11) DEFAULT NULL,
  `descrip` varchar(200) DEFAULT NULL,
  PRIMARY KEY (`id`)
) ENGINE=InnoDB DEFAULT CHARSET=utf8;
/*!40101 SET character_set_client = @saved_cs_client */;

--
-- Dumping data for table `indexparam`
--

LOCK TABLES `indexparam` WRITE;
/*!40000 ALTER TABLE `indexparam` DISABLE KEYS */;
INSERT INTO `indexparam` VALUES (1,'3',1,'query'),(2,'3',2,'query'),(3,'4',1,'query'),(4,'4',2,'query'),(5,'5',1,'query'),(6,'5',2,'query'),(7,'6',1,'query'),(8,'6',2,'query'),(9,'7',1,'query'),(10,'7',2,'query'),(11,'3',1,'insert'),(12,'3',2,'insert');
/*!40000 ALTER TABLE `indexparam` ENABLE KEYS */;
UNLOCK TABLES;

--
-- Table structure for table `insertionorder`
--

DROP TABLE IF EXISTS `insertionorder`;
/*!40101 SET @saved_cs_client     = @@character_set_client */;
/*!40101 SET character_set_client = utf8 */;
CREATE TABLE `insertionorder` (
  `treeid` int(11) NOT NULL,
  `insertorder` int(11) DEFAULT NULL,
  `itemid` int(11) DEFAULT NULL,
  `dataset` int(11) DEFAULT NULL,
  PRIMARY KEY (`treeid`)
) ENGINE=InnoDB DEFAULT CHARSET=utf8;
/*!40101 SET character_set_client = @saved_cs_client */;

--
-- Dumping data for table `insertionorder`
--

LOCK TABLES `insertionorder` WRITE;
/*!40000 ALTER TABLE `insertionorder` DISABLE KEYS */;
INSERT INTO `insertionorder` VALUES (11,1,74,1),(12,1,600,2);
/*!40000 ALTER TABLE `insertionorder` ENABLE KEYS */;
UNLOCK TABLES;

--
-- Table structure for table `query`
--

DROP TABLE IF EXISTS `query`;
/*!40101 SET @saved_cs_client     = @@character_set_client */;
/*!40101 SET character_set_client = utf8 */;
CREATE TABLE `query` (
  `id` int(11) NOT NULL,
  `dataitem` varchar(45) DEFAULT NULL,
  `indexparam` int(11) DEFAULT NULL,
  `expectedpath` varchar(200) DEFAULT NULL COMMENT 'this should be given as input to the query',
  `retreivedpath` varchar(200) DEFAULT NULL COMMENT 'should be maintained for breadthfirst search of the tree to final compare results',
  `querymodel` varchar(45) DEFAULT NULL COMMENT 'breadth first or depth first',
  `solved` int(11) DEFAULT NULL COMMENT 'indicate if the query has been answered or not',
  `dataset` int(11) DEFAULT NULL,
  `createtime` datetime DEFAULT NULL,
  `responsetime` datetime DEFAULT NULL,
  `retrievedresult` varchar(45) DEFAULT NULL,
  `solvedsofar` int(11) DEFAULT '0',
  `depthpaths` varchar(20000) DEFAULT NULL,
  `totalDecisionDepth` varchar(45) DEFAULT NULL,
  PRIMARY KEY (`id`)
) ENGINE=InnoDB DEFAULT CHARSET=utf8;
/*!40101 SET character_set_client = @saved_cs_client */;

--
-- Dumping data for table `query`
--

LOCK TABLES `query` WRITE;
/*!40000 ALTER TABLE `query` DISABLE KEYS */;
INSERT INTO `query` VALUES (1,'39',11,';=0',NULL,'insert',1,1,'2014-09-17 12:13:24',NULL,NULL,0,NULL,NULL),(2,'42',11,NULL,NULL,'insert',1,1,'2014-09-17 12:13:24',NULL,NULL,0,NULL,NULL),(3,'98',11,NULL,NULL,'insert',1,1,'2014-09-17 12:13:24',NULL,NULL,0,NULL,NULL),(4,'80',11,NULL,NULL,'insert',1,1,'2014-09-17 12:13:24',NULL,NULL,0,NULL,NULL),(5,'101',11,NULL,NULL,'insert',1,1,'2014-09-17 12:13:24',NULL,NULL,0,NULL,NULL),(6,'45',11,NULL,NULL,'insert',1,1,'2014-09-17 12:13:24',NULL,NULL,0,NULL,NULL),(7,'88',11,NULL,NULL,'insert',1,1,'2014-09-17 12:13:24',NULL,NULL,0,NULL,NULL),(8,'62',11,NULL,NULL,'insert',1,1,'2014-09-17 12:13:24',NULL,NULL,0,NULL,NULL),(9,'69',11,NULL,NULL,'insert',1,1,'2014-09-17 12:13:24',NULL,NULL,0,NULL,NULL),(10,'59',11,NULL,NULL,'insert',1,1,'2014-09-17 12:13:24',NULL,NULL,0,NULL,NULL),(11,'36',11,NULL,NULL,'insert',1,1,'2014-09-17 12:13:24',NULL,NULL,0,NULL,NULL),(12,'26',11,NULL,NULL,'insert',1,1,'2014-09-17 12:13:24',NULL,NULL,0,NULL,NULL),(13,'59',11,NULL,NULL,'insert',1,1,'2014-09-17 12:13:24',NULL,NULL,0,NULL,NULL),(14,'45',11,NULL,NULL,'insert',1,1,'2014-09-17 12:13:24',NULL,NULL,0,NULL,NULL),(15,'16',11,NULL,NULL,'insert',1,1,'2014-09-17 12:13:24',NULL,NULL,0,NULL,NULL),(16,'89',11,NULL,NULL,'insert',1,1,'2014-09-17 12:13:24',NULL,NULL,0,NULL,NULL),(17,'42',11,NULL,NULL,'insert',1,1,'2014-09-17 12:13:24',NULL,NULL,0,NULL,NULL),(18,'79',11,NULL,NULL,'insert',1,1,'2014-09-17 12:13:24',NULL,NULL,0,NULL,NULL),(19,'119',11,NULL,NULL,'insert',1,1,'2014-09-17 12:13:24',NULL,NULL,0,NULL,NULL),(20,'28',11,NULL,NULL,'insert',1,1,'2014-09-17 12:13:24',NULL,NULL,0,NULL,NULL),(21,'28',5,';0;4;=3',NULL,'breadth',1,1,'2014-09-17 12:13:24',NULL,NULL,0,NULL,NULL),(22,'28',5,';0;4;=3',NULL,'depth',1,1,'2014-09-17 12:13:24',NULL,NULL,0,NULL,NULL),(23,'28',5,';0;4;=3',NULL,'informed',1,1,'2014-09-17 12:13:24',NULL,NULL,0,NULL,NULL),(24,'28',5,';0;4;=3','','astar',0,1,'2014-09-17 12:13:24',NULL,NULL,0,NULL,NULL),(25,'316',6,';1;0;0;=4',NULL,'breadth',1,2,'2014-09-17 12:13:24',NULL,NULL,0,NULL,NULL),(26,'316',6,';1;0;0;=4',NULL,'depth',1,2,'2014-09-17 12:13:24',NULL,NULL,0,NULL,NULL),(27,'316',6,';1;0;0;=4',NULL,'informed',1,2,'2014-09-17 12:13:24',NULL,NULL,0,NULL,NULL),(28,'316',6,';1;0;0;=4',NULL,'astar',1,2,'2014-09-17 12:13:24',NULL,NULL,0,NULL,NULL),(29,'56',5,';1;3;=1',NULL,'breadth',1,1,'2014-09-17 12:13:24',NULL,NULL,0,NULL,NULL),(30,'56',5,';1;3;=1',NULL,'depth',1,1,'2014-09-17 12:13:24',NULL,NULL,0,NULL,NULL),(31,'56',5,';1;3;=1',NULL,'informed',1,1,'2014-09-17 12:13:24',NULL,NULL,0,NULL,NULL),(32,'56',5,';1;3;=1',NULL,'astar',1,1,'2014-09-17 12:13:24',NULL,NULL,0,NULL,NULL),(33,'536',6,';2;0;1;=2',NULL,'breadth',1,2,'2014-09-17 12:13:24',NULL,NULL,0,NULL,NULL),(34,'536',6,';2;0;1;=2',NULL,'depth',1,2,'2014-09-17 12:13:24',NULL,NULL,0,NULL,NULL),(35,'536',6,';2;0;1;=2',NULL,'informed',1,2,'2014-09-17 12:13:24',NULL,NULL,0,NULL,NULL),(36,'536',6,';2;0;1;=2',NULL,'astar',1,2,'2014-09-17 12:13:24',NULL,NULL,0,NULL,NULL),(37,'84',5,';2;1;=5',NULL,'breadth',1,1,'2014-09-17 12:13:24',NULL,NULL,0,NULL,NULL),(38,'84',5,';2;1;=5',NULL,'depth',1,1,'2014-09-17 12:13:24',NULL,NULL,0,NULL,NULL),(39,'84',5,';2;1;=5',NULL,'informed',1,1,'2014-09-17 12:13:24',NULL,NULL,0,NULL,NULL),(40,'84',5,';2;1;=5',NULL,'astar',1,1,'2014-09-17 12:13:24',NULL,NULL,0,NULL,NULL),(41,'756',6,';3;0;=2',NULL,'breadth',1,2,'2014-09-17 12:13:24',NULL,NULL,0,NULL,NULL),(42,'756',6,';3;0;=2',NULL,'depth',1,2,'2014-09-17 12:13:24',NULL,NULL,0,NULL,NULL),(43,'756',6,';3;0;=2',NULL,'informed',1,2,'2014-09-17 12:13:24',NULL,NULL,0,NULL,NULL),(44,'756',6,';3;0;=2',NULL,'astar',1,2,'2014-09-17 12:13:24',NULL,NULL,0,NULL,NULL),(45,'112',5,';3;0;=3',NULL,'breadth',1,1,'2014-09-17 12:13:24',NULL,NULL,0,NULL,NULL),(46,'112',5,';3;0;=3',NULL,'depth',1,1,'2014-09-17 12:13:24',NULL,NULL,0,NULL,NULL),(47,'112',5,';3;0;=3',NULL,'informed',1,1,'2014-09-17 12:13:24',NULL,NULL,0,NULL,NULL),(48,'112',5,';3;0;=3',NULL,'astar',1,1,'2014-09-17 12:13:24',NULL,NULL,0,NULL,NULL),(49,'976',6,';4;0;2;=4',NULL,'breadth',1,2,'2014-09-17 12:13:24',NULL,NULL,0,NULL,NULL),(50,'976',6,';4;0;2;=4',NULL,'depth',1,2,'2014-09-17 12:13:24',NULL,NULL,0,NULL,NULL),(51,'976',6,';4;0;2;=4',NULL,'informed',1,2,'2014-09-17 12:13:24',NULL,NULL,0,NULL,NULL),(52,'976',6,';4;0;2;=4',NULL,'astar',1,2,'2014-09-17 12:13:24',NULL,NULL,0,NULL,NULL),(53,'140',5,';3;5;=1',NULL,'breadth',1,1,'2014-09-17 12:13:24',NULL,NULL,0,NULL,NULL),(54,'140',5,';3;5;=1',NULL,'depth',1,1,'2014-09-17 12:13:24',NULL,NULL,0,NULL,NULL),(55,'140',5,';3;5;=1',NULL,'informed',1,1,'2014-09-17 12:13:24',NULL,NULL,0,NULL,NULL),(56,'140',5,';3;5;=1',NULL,'astar',1,1,'2014-09-17 12:13:24',NULL,NULL,0,NULL,NULL),(57,'1196',6,';4;6;3;=2',NULL,'breadth',1,2,'2014-09-17 12:13:24',NULL,NULL,0,NULL,NULL),(58,'1196',6,';4;6;3;=2',NULL,'depth',1,2,'2014-09-17 12:13:24',NULL,NULL,0,NULL,NULL),(59,'1196',6,';4;6;3;=2',NULL,'informed',1,2,'2014-09-17 12:13:24',NULL,NULL,0,NULL,NULL),(60,'1196',6,';4;6;3;=2',NULL,'astar',1,2,'2014-09-17 12:13:24',NULL,NULL,0,NULL,NULL),(61,'28',5,';0;4;=3',NULL,'breadth',1,1,'2014-09-17 12:13:25',NULL,NULL,0,NULL,NULL),(62,'28',5,';0;4;=3',NULL,'depth',1,1,'2014-09-17 12:13:25',NULL,NULL,0,NULL,NULL),(63,'28',5,';0;4;=3',NULL,'informed',1,1,'2014-09-17 12:13:25',NULL,NULL,0,NULL,NULL),(64,'28',5,';0;4;=3',NULL,'astar',1,1,'2014-09-17 12:13:25',NULL,NULL,0,NULL,NULL),(65,'316',6,';1;0;0;=4',NULL,'breadth',1,2,'2014-09-17 12:13:25',NULL,NULL,0,NULL,NULL),(66,'316',6,';1;0;0;=4',NULL,'depth',1,2,'2014-09-17 12:13:25',NULL,NULL,0,NULL,NULL),(67,'316',6,';1;0;0;=4',NULL,'informed',1,2,'2014-09-17 12:13:25',NULL,NULL,0,NULL,NULL),(68,'316',6,';1;0;0;=4',NULL,'astar',1,2,'2014-09-17 12:13:25',NULL,NULL,0,NULL,NULL),(69,'56',5,';1;3;=1',NULL,'breadth',1,1,'2014-09-17 12:13:25',NULL,NULL,0,NULL,NULL),(70,'56',5,';1;3;=1',NULL,'depth',1,1,'2014-09-17 12:13:25',NULL,NULL,0,NULL,NULL),(71,'56',5,';1;3;=1',NULL,'informed',1,1,'2014-09-17 12:13:25',NULL,NULL,0,NULL,NULL),(72,'56',5,';1;3;=1',NULL,'astar',1,1,'2014-09-17 12:13:25',NULL,NULL,0,NULL,NULL),(73,'536',6,';2;0;1;=2',NULL,'breadth',1,2,'2014-09-17 12:13:25',NULL,NULL,0,NULL,NULL),(74,'536',6,';2;0;1;=2',NULL,'depth',1,2,'2014-09-17 12:13:25',NULL,NULL,0,NULL,NULL),(75,'536',6,';2;0;1;=2',NULL,'informed',1,2,'2014-09-17 12:13:25',NULL,NULL,0,NULL,NULL),(76,'536',6,';2;0;1;=2',NULL,'astar',1,2,'2014-09-17 12:13:25',NULL,NULL,0,NULL,NULL),(77,'84',5,';2;1;=5',NULL,'breadth',1,1,'2014-09-17 12:13:25',NULL,NULL,0,NULL,NULL),(78,'84',5,';2;1;=5',NULL,'depth',1,1,'2014-09-17 12:13:25',NULL,NULL,0,NULL,NULL),(79,'84',5,';2;1;=5',NULL,'informed',1,1,'2014-09-17 12:13:25',NULL,NULL,0,NULL,NULL),(80,'84',5,';2;1;=5',NULL,'astar',1,1,'2014-09-17 12:13:25',NULL,NULL,0,NULL,NULL),(81,'756',6,';3;0;=2',NULL,'breadth',1,2,'2014-09-17 12:13:25',NULL,NULL,0,NULL,NULL),(82,'756',6,';3;0;=2',NULL,'depth',1,2,'2014-09-17 12:13:25',NULL,NULL,0,NULL,NULL),(83,'756',6,';3;0;=2',NULL,'informed',1,2,'2014-09-17 12:13:25',NULL,NULL,0,NULL,NULL),(84,'756',6,';3;0;=2',NULL,'astar',1,2,'2014-09-17 12:13:25',NULL,NULL,0,NULL,NULL),(85,'112',5,';3;0;=3',NULL,'breadth',1,1,'2014-09-17 12:13:25',NULL,NULL,0,NULL,NULL),(86,'112',5,';3;0;=3',NULL,'depth',1,1,'2014-09-17 12:13:25',NULL,NULL,0,NULL,NULL),(87,'112',5,';3;0;=3',NULL,'informed',1,1,'2014-09-17 12:13:25',NULL,NULL,0,NULL,NULL),(88,'112',5,';3;0;=3',NULL,'astar',1,1,'2014-09-17 12:13:25',NULL,NULL,0,NULL,NULL),(89,'976',6,';4;0;2;=4',NULL,'breadth',1,2,'2014-09-17 12:13:25',NULL,NULL,0,NULL,NULL),(90,'976',6,';4;0;2;=4',NULL,'depth',1,2,'2014-09-17 12:13:25',NULL,NULL,0,NULL,NULL),(91,'976',6,';4;0;2;=4',NULL,'informed',1,2,'2014-09-17 12:13:25',NULL,NULL,0,NULL,NULL),(92,'976',6,';4;0;2;=4',NULL,'astar',1,2,'2014-09-17 12:13:25',NULL,NULL,0,NULL,NULL),(93,'140',5,';3;5;=1',NULL,'breadth',1,1,'2014-09-17 12:13:25',NULL,NULL,0,NULL,NULL),(94,'140',5,';3;5;=1',NULL,'depth',1,1,'2014-09-17 12:13:25',NULL,NULL,0,NULL,NULL),(95,'140',5,';3;5;=1',NULL,'informed',1,1,'2014-09-17 12:13:25',NULL,NULL,0,NULL,NULL),(96,'140',5,';3;5;=1',NULL,'astar',1,1,'2014-09-17 12:13:25',NULL,NULL,0,NULL,NULL),(97,'1196',6,';4;6;3;=2',NULL,'breadth',1,2,'2014-09-17 12:13:25',NULL,NULL,0,NULL,NULL),(98,'1196',6,';4;6;3;=2',NULL,'depth',1,2,'2014-09-17 12:13:25',NULL,NULL,0,NULL,NULL),(99,'1196',6,';4;6;3;=2',NULL,'informed',1,2,'2014-09-17 12:13:25',NULL,NULL,0,NULL,NULL),(100,'1196',6,';4;6;3;=2',NULL,'astar',1,2,'2014-09-17 12:13:25',NULL,NULL,0,NULL,NULL),(101,'28',5,';0;4;=3',NULL,'breadth',1,1,'2014-09-17 12:13:25',NULL,NULL,0,NULL,NULL),(102,'28',5,';0;4;=3',NULL,'depth',1,1,'2014-09-17 12:13:25',NULL,NULL,0,NULL,NULL),(103,'28',5,';0;4;=3',NULL,'informed',1,1,'2014-09-17 12:13:25',NULL,NULL,0,NULL,NULL),(104,'28',5,';0;4;=3',NULL,'astar',1,1,'2014-09-17 12:13:25',NULL,NULL,0,NULL,NULL),(105,'316',6,';1;0;0;=4',NULL,'breadth',1,2,'2014-09-17 12:13:25',NULL,NULL,0,NULL,NULL),(106,'316',6,';1;0;0;=4',NULL,'depth',1,2,'2014-09-17 12:13:25',NULL,NULL,0,NULL,NULL),(107,'316',6,';1;0;0;=4',NULL,'informed',1,2,'2014-09-17 12:13:25',NULL,NULL,0,NULL,NULL),(108,'316',6,';1;0;0;=4',NULL,'astar',1,2,'2014-09-17 12:13:25',NULL,NULL,0,NULL,NULL),(109,'56',5,';1;3;=1',NULL,'breadth',1,1,'2014-09-17 12:13:25',NULL,NULL,0,NULL,NULL),(110,'56',5,';1;3;=1',NULL,'depth',1,1,'2014-09-17 12:13:25',NULL,NULL,0,NULL,NULL),(111,'56',5,';1;3;=1',NULL,'informed',1,1,'2014-09-17 12:13:25',NULL,NULL,0,NULL,NULL),(112,'56',5,';1;3;=1',NULL,'astar',1,1,'2014-09-17 12:13:25',NULL,NULL,0,NULL,NULL),(113,'536',6,';2;0;1;=2',NULL,'breadth',1,2,'2014-09-17 12:13:25',NULL,NULL,0,NULL,NULL),(114,'536',6,';2;0;1;=2',NULL,'depth',1,2,'2014-09-17 12:13:25',NULL,NULL,0,NULL,NULL),(115,'536',6,';2;0;1;=2',NULL,'informed',1,2,'2014-09-17 12:13:25',NULL,NULL,0,NULL,NULL),(116,'536',6,';2;0;1;=2',NULL,'astar',1,2,'2014-09-17 12:13:25',NULL,NULL,0,NULL,NULL),(117,'84',5,';2;1;=5',NULL,'breadth',1,1,'2014-09-17 12:13:25',NULL,NULL,0,NULL,NULL),(118,'84',5,';2;1;=5',NULL,'depth',1,1,'2014-09-17 12:13:25',NULL,NULL,0,NULL,NULL),(119,'84',5,';2;1;=5',NULL,'informed',1,1,'2014-09-17 12:13:25',NULL,NULL,0,NULL,NULL),(120,'84',5,';2;1;=5',NULL,'astar',1,1,'2014-09-17 12:13:25',NULL,NULL,0,NULL,NULL),(121,'756',6,';3;0;=2',NULL,'breadth',1,2,'2014-09-17 12:13:25',NULL,NULL,0,NULL,NULL),(122,'756',6,';3;0;=2',NULL,'depth',1,2,'2014-09-17 12:13:25',NULL,NULL,0,NULL,NULL),(123,'756',6,';3;0;=2',NULL,'informed',1,2,'2014-09-17 12:13:25',NULL,NULL,0,NULL,NULL),(124,'756',6,';3;0;=2',NULL,'astar',1,2,'2014-09-17 12:13:25',NULL,NULL,0,NULL,NULL),(125,'112',5,';3;0;=3',NULL,'breadth',1,1,'2014-09-17 12:13:25',NULL,NULL,0,NULL,NULL),(126,'112',5,';3;0;=3',NULL,'depth',1,1,'2014-09-17 12:13:25',NULL,NULL,0,NULL,NULL),(127,'112',5,';3;0;=3',NULL,'informed',1,1,'2014-09-17 12:13:25',NULL,NULL,0,NULL,NULL),(128,'112',5,';3;0;=3',NULL,'astar',1,1,'2014-09-17 12:13:25',NULL,NULL,0,NULL,NULL),(129,'976',6,';4;0;2;=4',NULL,'breadth',1,2,'2014-09-17 12:13:25',NULL,NULL,0,NULL,NULL),(130,'976',6,';4;0;2;=4',NULL,'depth',1,2,'2014-09-17 12:13:25',NULL,NULL,0,NULL,NULL),(131,'976',6,';4;0;2;=4',NULL,'informed',1,2,'2014-09-17 12:13:25',NULL,NULL,0,NULL,NULL),(132,'976',6,';4;0;2;=4',NULL,'astar',1,2,'2014-09-17 12:13:25',NULL,NULL,0,NULL,NULL),(133,'140',5,';3;5;=1',NULL,'breadth',1,1,'2014-09-17 12:13:25',NULL,NULL,0,NULL,NULL),(134,'140',5,';3;5;=1',NULL,'depth',1,1,'2014-09-17 12:13:25',NULL,NULL,0,NULL,NULL),(135,'140',5,';3;5;=1',NULL,'informed',1,1,'2014-09-17 12:13:25',NULL,NULL,0,NULL,NULL),(136,'140',5,';3;5;=1',NULL,'astar',1,1,'2014-09-17 12:13:25',NULL,NULL,0,NULL,NULL),(137,'1196',6,';4;6;3;=2',NULL,'breadth',1,2,'2014-09-17 12:13:25',NULL,NULL,0,NULL,NULL),(138,'1196',6,';4;6;3;=2',NULL,'depth',1,2,'2014-09-17 12:13:25',NULL,NULL,0,NULL,NULL),(139,'1196',6,';4;6;3;=2',NULL,'informed',1,2,'2014-09-17 12:13:25',NULL,NULL,0,NULL,NULL),(140,'1196',6,';4;6;3;=2',NULL,'astar',1,2,'2014-09-17 12:13:25',NULL,NULL,0,NULL,NULL),(141,'28',5,';0;4;=3',NULL,'breadth',1,1,'2014-09-17 12:13:25',NULL,NULL,0,NULL,NULL),(142,'28',5,';0;4;=3',NULL,'depth',1,1,'2014-09-17 12:13:25',NULL,NULL,0,NULL,NULL),(143,'28',5,';0;4;=3',NULL,'informed',1,1,'2014-09-17 12:13:25',NULL,NULL,0,NULL,NULL),(144,'28',5,';0;4;=3',NULL,'astar',1,1,'2014-09-17 12:13:25',NULL,NULL,0,NULL,NULL),(145,'316',6,';1;0;0;=4',NULL,'breadth',1,2,'2014-09-17 12:13:25',NULL,NULL,0,NULL,NULL),(146,'316',6,';1;0;0;=4',NULL,'depth',1,2,'2014-09-17 12:13:25',NULL,NULL,0,NULL,NULL),(147,'316',6,';1;0;0;=4',NULL,'informed',1,2,'2014-09-17 12:13:25',NULL,NULL,0,NULL,NULL),(148,'316',6,';1;0;0;=4',NULL,'astar',1,2,'2014-09-17 12:13:25',NULL,NULL,0,NULL,NULL),(149,'56',5,';1;3;=1',NULL,'breadth',1,1,'2014-09-17 12:13:25',NULL,NULL,0,NULL,NULL),(150,'56',5,';1;3;=1',NULL,'depth',1,1,'2014-09-17 12:13:25',NULL,NULL,0,NULL,NULL),(151,'56',5,';1;3;=1',NULL,'informed',1,1,'2014-09-17 12:13:25',NULL,NULL,0,NULL,NULL),(152,'56',5,';1;3;=1',NULL,'astar',1,1,'2014-09-17 12:13:25',NULL,NULL,0,NULL,NULL),(153,'536',6,';2;0;1;=2',NULL,'breadth',1,2,'2014-09-17 12:13:25',NULL,NULL,0,NULL,NULL),(154,'536',6,';2;0;1;=2',NULL,'depth',1,2,'2014-09-17 12:13:25',NULL,NULL,0,NULL,NULL),(155,'536',6,';2;0;1;=2',NULL,'informed',1,2,'2014-09-17 12:13:25',NULL,NULL,0,NULL,NULL),(156,'536',6,';2;0;1;=2',NULL,'astar',1,2,'2014-09-17 12:13:25',NULL,NULL,0,NULL,NULL),(157,'84',5,';2;1;=5',NULL,'breadth',1,1,'2014-09-17 12:13:25',NULL,NULL,0,NULL,NULL),(158,'84',5,';2;1;=5',NULL,'depth',1,1,'2014-09-17 12:13:25',NULL,NULL,0,NULL,NULL),(159,'84',5,';2;1;=5',NULL,'informed',1,1,'2014-09-17 12:13:25',NULL,NULL,0,NULL,NULL),(160,'84',5,';2;1;=5',NULL,'astar',1,1,'2014-09-17 12:13:25',NULL,NULL,0,NULL,NULL),(161,'756',6,';3;0;=2',NULL,'breadth',1,2,'2014-09-17 12:13:25',NULL,NULL,0,NULL,NULL),(162,'756',6,';3;0;=2',NULL,'depth',1,2,'2014-09-17 12:13:25',NULL,NULL,0,NULL,NULL),(163,'756',6,';3;0;=2',NULL,'informed',1,2,'2014-09-17 12:13:25',NULL,NULL,0,NULL,NULL),(164,'756',6,';3;0;=2',NULL,'astar',1,2,'2014-09-17 12:13:25',NULL,NULL,0,NULL,NULL),(165,'112',5,';3;0;=3',NULL,'breadth',1,1,'2014-09-17 12:13:25',NULL,NULL,0,NULL,NULL),(166,'112',5,';3;0;=3',NULL,'depth',1,1,'2014-09-17 12:13:25',NULL,NULL,0,NULL,NULL),(167,'112',5,';3;0;=3',NULL,'informed',1,1,'2014-09-17 12:13:25',NULL,NULL,0,NULL,NULL),(168,'112',5,';3;0;=3',NULL,'astar',1,1,'2014-09-17 12:13:25',NULL,NULL,0,NULL,NULL),(169,'976',6,';4;0;2;=4',NULL,'breadth',1,2,'2014-09-17 12:13:25',NULL,NULL,0,NULL,NULL),(170,'976',6,';4;0;2;=4',NULL,'depth',1,2,'2014-09-17 12:13:25',NULL,NULL,0,NULL,NULL),(171,'976',6,';4;0;2;=4',NULL,'informed',1,2,'2014-09-17 12:13:25',NULL,NULL,0,NULL,NULL),(172,'976',6,';4;0;2;=4',NULL,'astar',1,2,'2014-09-17 12:13:25',NULL,NULL,0,NULL,NULL),(173,'140',5,';3;5;=1',NULL,'breadth',1,1,'2014-09-17 12:13:25',NULL,NULL,0,NULL,NULL),(174,'140',5,';3;5;=1',NULL,'depth',1,1,'2014-09-17 12:13:25',NULL,NULL,0,NULL,NULL),(175,'140',5,';3;5;=1',NULL,'informed',1,1,'2014-09-17 12:13:25',NULL,NULL,0,NULL,NULL),(176,'140',5,';3;5;=1',NULL,'astar',1,1,'2014-09-17 12:13:25',NULL,NULL,0,NULL,NULL),(177,'1196',6,';4;6;3;=2',NULL,'breadth',1,2,'2014-09-17 12:13:25',NULL,NULL,0,NULL,NULL),(178,'1196',6,';4;6;3;=2',NULL,'depth',1,2,'2014-09-17 12:13:25',NULL,NULL,0,NULL,NULL),(179,'1196',6,';4;6;3;=2',NULL,'informed',1,2,'2014-09-17 12:13:25',NULL,NULL,0,NULL,NULL),(180,'1196',6,';4;6;3;=2',NULL,'astar',1,2,'2014-09-17 12:13:25',NULL,NULL,0,NULL,NULL),(181,'46',5,';1;1;=3',NULL,'test',1,1,'2014-09-17 12:13:25',NULL,NULL,0,NULL,NULL),(182,'93',5,';2;3;=2',NULL,'test',1,1,'2014-09-17 12:13:25',NULL,NULL,0,NULL,NULL);
/*!40000 ALTER TABLE `query` ENABLE KEYS */;
UNLOCK TABLES;

--
-- Table structure for table `replicationperlevel`
--

DROP TABLE IF EXISTS `replicationperlevel`;
/*!40101 SET @saved_cs_client     = @@character_set_client */;
/*!40101 SET character_set_client = utf8 */;
CREATE TABLE `replicationperlevel` (
  `id` int(11) NOT NULL,
  `level` varchar(200) DEFAULT NULL,
  `replication` int(11) DEFAULT NULL,
  `query` int(11) DEFAULT NULL,
  PRIMARY KEY (`id`)
) ENGINE=InnoDB DEFAULT CHARSET=utf8;
/*!40101 SET character_set_client = @saved_cs_client */;

--
-- Dumping data for table `replicationperlevel`
--

LOCK TABLES `replicationperlevel` WRITE;
/*!40000 ALTER TABLE `replicationperlevel` DISABLE KEYS */;
INSERT INTO `replicationperlevel` VALUES (1,'all',5,21),(2,'all',5,22),(3,'all',5,23),(4,'all',3,24),(5,'all',5,25),(6,'all',5,26),(7,'all',5,27),(8,'all',5,28),(9,'all',5,29),(10,'all',5,30),(11,'all',5,31),(12,'all',5,32),(13,'all',5,33),(14,'all',5,34),(15,'all',5,35),(16,'all',5,36),(17,'all',5,37),(18,'all',5,38),(19,'all',5,39),(20,'all',5,40),(21,'all',5,41),(22,'all',5,42),(23,'all',5,43),(24,'all',5,44),(25,'all',5,45),(26,'all',5,46),(27,'all',5,47),(28,'all',5,48),(29,'all',5,49),(30,'all',5,50),(31,'all',5,51),(32,'all',5,52),(33,'all',5,53),(34,'all',5,54),(35,'all',5,55),(36,'all',5,56),(37,'all',5,57),(38,'all',5,58),(39,'all',5,59),(40,'all',5,60),(41,'all',10,61),(42,'all',10,62),(43,'all',10,63),(44,'all',10,64),(45,'all',10,65),(46,'all',10,66),(47,'all',10,67),(48,'all',10,68),(49,'all',10,69),(50,'all',10,70),(51,'all',10,71),(52,'all',10,72),(53,'all',10,73),(54,'all',10,74),(55,'all',10,75),(56,'all',10,76),(57,'all',10,77),(58,'all',10,78),(59,'all',10,79),(60,'all',10,80),(61,'all',10,81),(62,'all',10,82),(63,'all',10,83),(64,'all',10,84),(65,'all',10,85),(66,'all',10,86),(67,'all',10,87),(68,'all',10,88),(69,'all',10,89),(70,'all',10,90),(71,'all',10,91),(72,'all',10,92),(73,'all',10,93),(74,'all',10,94),(75,'all',10,95),(76,'all',10,96),(77,'all',10,97),(78,'all',10,98),(79,'all',10,99),(80,'all',10,100),(81,'all',15,101),(82,'all',15,102),(83,'all',15,103),(84,'all',15,104),(85,'all',15,105),(86,'all',15,106),(87,'all',15,107),(88,'all',15,108),(89,'all',15,109),(90,'all',15,110),(91,'all',15,111),(92,'all',15,112),(93,'all',15,113),(94,'all',15,114),(95,'all',15,115),(96,'all',15,116),(97,'all',15,117),(98,'all',15,118),(99,'all',15,119),(100,'all',15,120),(101,'all',15,121),(102,'all',15,122),(103,'all',15,123),(104,'all',15,124),(105,'all',15,125),(106,'all',15,126),(107,'all',15,127),(108,'all',15,128),(109,'all',15,129),(110,'all',15,130),(111,'all',15,131),(112,'all',15,132),(113,'all',15,133),(114,'all',15,134),(115,'all',15,135),(116,'all',15,136),(117,'all',15,137),(118,'all',15,138),(119,'all',15,139),(120,'all',15,140),(121,'all',20,141),(122,'all',20,142),(123,'all',20,143),(124,'all',20,144),(125,'all',20,145),(126,'all',20,146),(127,'all',20,147),(128,'all',20,148),(129,'all',20,149),(130,'all',20,150),(131,'all',20,151),(132,'all',20,152),(133,'all',20,153),(134,'all',20,154),(135,'all',20,155),(136,'all',20,156),(137,'all',20,157),(138,'all',20,158),(139,'all',20,159),(140,'all',20,160),(141,'all',20,161),(142,'all',20,162),(143,'all',20,163),(144,'all',20,164),(145,'all',20,165),(146,'all',20,166),(147,'all',20,167),(148,'all',20,168),(149,'all',20,169),(150,'all',20,170),(151,'all',20,171),(152,'all',20,172),(153,'all',20,173),(154,'all',20,174),(155,'all',20,175),(156,'all',20,176),(157,'all',20,177),(158,'all',20,178),(159,'all',20,179),(160,'all',20,180),(161,'all',2,181),(162,'all',2,182);
/*!40000 ALTER TABLE `replicationperlevel` ENABLE KEYS */;
UNLOCK TABLES;

--
-- Table structure for table `task`
--

DROP TABLE IF EXISTS `task`;
/*!40101 SET @saved_cs_client     = @@character_set_client */;
/*!40101 SET character_set_client = utf8 */;
CREATE TABLE `task` (
  `id` int(11) NOT NULL,
  `level` int(11) DEFAULT NULL,
  `query` int(11) DEFAULT NULL,
  `replications` int(11) DEFAULT NULL,
  `nodepath` varchar(200) DEFAULT NULL,
  `expected_result` varchar(45) DEFAULT NULL,
  `returned_result` varchar(45) DEFAULT NULL,
  `user` int(11) DEFAULT NULL,
  `indexparam` int(11) DEFAULT NULL,
  `taskgroup` int(11) DEFAULT NULL COMMENT 'used with breadth first traversal of the index',
  `queryModel` varchar(45) DEFAULT NULL,
  `creationTime` datetime DEFAULT NULL,
  `dataItems` varchar(500) DEFAULT NULL,
  `responseTime` datetime DEFAULT NULL,
  `taskstatus` int(11) DEFAULT NULL COMMENT '0-open\\n1-inprogress\\n2-closed',
  `queryItem` varchar(45) DEFAULT NULL,
  `dataset` int(11) DEFAULT NULL,
  `taskcol` varchar(45) DEFAULT NULL,
  PRIMARY KEY (`id`)
) ENGINE=InnoDB DEFAULT CHARSET=utf8;
/*!40101 SET character_set_client = @saved_cs_client */;

--
-- Dumping data for table `task`
--

LOCK TABLES `task` WRITE;
/*!40000 ALTER TABLE `task` DISABLE KEYS */;
INSERT INTO `task` VALUES (1,2,24,3,'root',';0;4;=3',NULL,1,5,1,'astar','2014-09-25 14:52:06',',1,37,73,109,149',NULL,1,'28',1,NULL),(2,2,24,3,'root',';0;4;=3',NULL,NULL,5,1,'astar','2014-09-25 14:52:06',',1,37,73,109,149',NULL,0,'28',1,NULL),(3,2,24,3,'root',';0;4;=3',NULL,NULL,5,1,'astar','2014-09-25 14:52:06',',1,37,73,109,149',NULL,0,'28',1,NULL);
/*!40000 ALTER TABLE `task` ENABLE KEYS */;
UNLOCK TABLES;

--
-- Table structure for table `taskgroup`
--

DROP TABLE IF EXISTS `taskgroup`;
/*!40101 SET @saved_cs_client     = @@character_set_client */;
/*!40101 SET character_set_client = utf8 */;
CREATE TABLE `taskgroup` (
  `id` int(11) NOT NULL,
  `queryid` int(11) DEFAULT NULL,
  `level` int(11) DEFAULT NULL,
  `replicationnum` int(11) DEFAULT NULL,
  `resultssofar` varchar(200) DEFAULT NULL COMMENT 'when the number of items in the results so far equals the number replications either make a decsion for the query or make a new task',
  `expectedresult` varchar(45) DEFAULT NULL,
  `retreievdresult` varchar(45) DEFAULT NULL,
  `responsetime` varchar(45) DEFAULT NULL,
  `creatationtime` datetime DEFAULT NULL,
  `respondsofar` int(11) DEFAULT NULL,
  PRIMARY KEY (`id`)
) ENGINE=InnoDB DEFAULT CHARSET=utf8;
/*!40101 SET character_set_client = @saved_cs_client */;

--
-- Dumping data for table `taskgroup`
--

LOCK TABLES `taskgroup` WRITE;
/*!40000 ALTER TABLE `taskgroup` DISABLE KEYS */;
INSERT INTO `taskgroup` VALUES (1,24,2,3,NULL,';0;4;=3',NULL,NULL,'2014-09-25 14:52:05',0);
/*!40000 ALTER TABLE `taskgroup` ENABLE KEYS */;
UNLOCK TABLES;

--
-- Table structure for table `taskgroupusers`
--

DROP TABLE IF EXISTS `taskgroupusers`;
/*!40101 SET @saved_cs_client     = @@character_set_client */;
/*!40101 SET character_set_client = utf8 */;
CREATE TABLE `taskgroupusers` (
  `taskgroup` int(11) NOT NULL,
  `user` int(11) NOT NULL DEFAULT '0',
  PRIMARY KEY (`taskgroup`,`user`)
) ENGINE=InnoDB DEFAULT CHARSET=utf8;
/*!40101 SET character_set_client = @saved_cs_client */;

--
-- Dumping data for table `taskgroupusers`
--

LOCK TABLES `taskgroupusers` WRITE;
/*!40000 ALTER TABLE `taskgroupusers` DISABLE KEYS */;
INSERT INTO `taskgroupusers` VALUES (1,1);
/*!40000 ALTER TABLE `taskgroupusers` ENABLE KEYS */;
UNLOCK TABLES;

--
-- Table structure for table `users`
--

DROP TABLE IF EXISTS `users`;
/*!40101 SET @saved_cs_client     = @@character_set_client */;
/*!40101 SET character_set_client = utf8 */;
CREATE TABLE `users` (
  `id` int(11) NOT NULL AUTO_INCREMENT,
  `name` varchar(200) DEFAULT NULL,
  `password` varchar(45) DEFAULT NULL,
  `opentasks` int(11) DEFAULT NULL COMMENT 'to select users with least number of open tasks',
  `completedtasks` int(11) DEFAULT NULL,
  PRIMARY KEY (`id`)
) ENGINE=InnoDB AUTO_INCREMENT=25 DEFAULT CHARSET=utf8;
/*!40101 SET character_set_client = @saved_cs_client */;

--
-- Dumping data for table `users`
--

LOCK TABLES `users` WRITE;
/*!40000 ALTER TABLE `users` DISABLE KEYS */;
INSERT INTO `users` VALUES (1,'a','a',0,7),(2,'b','b',0,8),(3,'c','c',0,9),(4,'d','d',0,7),(5,'e','e',0,4),(6,'w','w',0,0),(7,'y','y',0,0),(10,'ahmedaly','unknown',0,0),(11,'Nada','ahmedhazem',0,0),(12,'amr','amr',0,0),(13,'xman','*********',0,0),(14,'Elkindi','elkindi',0,0),(15,'Elkindi2','elkindi',0,0),(16,'samy','samy',0,0),(17,'7676','7676',0,0),(18,'f','f',0,0),(19,'z','z',0,0),(20,'abc','abc',0,0),(21,'xyz','xyz',0,0),(22,'hgq','qqw',0,0),(23,'abcd','abcd',0,0),(24,'abcde','abcde',0,0);
/*!40000 ALTER TABLE `users` ENABLE KEYS */;
UNLOCK TABLES;
/*!40103 SET TIME_ZONE=@OLD_TIME_ZONE */;

/*!40101 SET SQL_MODE=@OLD_SQL_MODE */;
/*!40014 SET FOREIGN_KEY_CHECKS=@OLD_FOREIGN_KEY_CHECKS */;
/*!40014 SET UNIQUE_CHECKS=@OLD_UNIQUE_CHECKS */;
/*!40101 SET CHARACTER_SET_CLIENT=@OLD_CHARACTER_SET_CLIENT */;
/*!40101 SET CHARACTER_SET_RESULTS=@OLD_CHARACTER_SET_RESULTS */;
/*!40101 SET COLLATION_CONNECTION=@OLD_COLLATION_CONNECTION */;
/*!40111 SET SQL_NOTES=@OLD_SQL_NOTES */;

-- Dump completed on 2014-10-07  6:46:05
